,account,flag
0,a00003,0.0
1,a00011,0.0
2,a00012,1.0
3,a00020,0.0
4,a00021,0.0
5,a00030,0.0
6,a00032,0.0
7,a00038,0.0
8,a00045,0.0
9,a00047,1.0
10,a00053,0.0
11,a00061,0.0
12,a00073,0.0
13,a00075,0.0
14,a00079,0.0
15,a00088,0.0
16,a00102,0.0
17,a00103,0.0
18,a00105,0.0
19,a00109,0.0
20,a00115,1.0
21,a00125,0.0
22,a00126,0.0
23,a00128,0.0
24,a00139,0.0
25,a00140,0.0
26,a00141,0.0
27,a00144,0.0
28,a00151,0.0
29,a00152,0.0
30,a00154,0.0
31,a00155,0.0
32,a00162,0.0
33,a00172,0.0
34,a00173,0.0
35,a00174,0.0
36,a00176,0.0
37,a00180,0.0
38,a00181,0.0
39,a00195,0.0
40,a00217,0.0
41,a00224,0.0
42,a00226,0.0
43,a00232,0.0
44,a00238,0.0
45,a00240,0.0
46,a00242,1.0
47,a00246,0.0
48,a00257,0.0
49,a00267,0.0
50,a00275,1.0
51,a00286,0.0
52,a00291,1.0
53,a00292,0.0
54,a00293,0.0
55,a00298,0.0
56,a00304,0.0
57,a00312,0.0
58,a00314,0.0
59,a00332,0.0
60,a00336,0.0
61,a00344,0.0
62,a00347,0.0
63,a00352,0.0
64,a00354,0.0
65,a00359,0.0
66,a00366,0.0
67,a00368,0.0
68,a00372,0.0
69,a00374,1.0
70,a00378,0.0
71,a00384,0.0
72,a00388,0.0
73,a00390,0.0
74,a00393,0.0
75,a00403,0.0
76,a00411,0.0
77,a00414,0.0
78,a00420,0.0
79,a00422,0.0
80,a00426,0.0
81,a00430,0.0
82,a00439,0.0
83,a00440,0.0
84,a00446,0.0
85,a00447,0.0
86,a00462,0.0
87,a00467,0.0
88,a00469,0.0
89,a00472,0.0
90,a00475,0.0
91,a00477,0.0
92,a00478,1.0
93,a00488,0.0
94,a00491,0.0
95,a00497,0.0
96,a00505,0.0
97,a00512,0.0
98,a00520,0.0
99,a00525,0.0
100,a00526,0.0
101,a00532,0.0
102,a00534,0.0
103,a00538,0.0
104,a00541,0.0
105,a00542,0.0
106,a00546,0.0
107,a00565,0.0
108,a00576,0.0
109,a00578,0.0
110,a00580,0.0
111,a00594,0.0
112,a00595,0.0
113,a00611,0.0
114,a00612,0.0
115,a00617,0.0
116,a00623,0.0
117,a00626,0.0
118,a00633,0.0
119,a00648,0.0
120,a00651,0.0
121,a00653,0.0
122,a00654,0.0
123,a00659,0.0
124,a00665,0.0
125,a00666,0.0
126,a00668,0.0
127,a00679,0.0
128,a00680,0.0
129,a00682,0.0
130,a00683,0.0
131,a00685,0.0
132,a00692,0.0
133,a00693,0.0
134,a00695,0.0
135,a00696,0.0
136,a00697,0.0
137,a00702,0.0
138,a00707,0.0
139,a00712,0.0
140,a00717,0.0
141,a00722,0.0
142,a00725,1.0
143,a00726,0.0
144,a00727,0.0
145,a00730,0.0
146,a00731,0.0
147,a00734,0.0
148,a00737,0.0
149,a00741,0.0
150,a00747,0.0
151,a00750,0.0
152,a00751,0.0
153,a00752,0.0
154,a00766,0.0
155,a00767,0.0
156,a00774,0.0
157,a00777,0.0
158,a00778,0.0
159,a00779,0.0
160,a00780,0.0
161,a00781,0.0
162,a00785,0.0
163,a00788,0.0
164,a00791,0.0
165,a00793,0.0
166,a00794,0.0
167,a00796,0.0
168,a00799,0.0
169,a00800,0.0
170,a00811,0.0
171,a00820,0.0
172,a00831,0.0
173,a00843,0.0
174,a00849,0.0
175,a00851,0.0
176,a00854,0.0
177,a00860,0.0
178,a00862,0.0
179,a00863,0.0
180,a00869,0.0
181,a00871,0.0
182,a00876,0.0
183,a00881,0.0
184,a00886,0.0
185,a00893,0.0
186,a00895,0.0
187,a00900,0.0
188,a00905,0.0
189,a00910,0.0
190,a00915,0.0
191,a00923,0.0
192,a00928,0.0
193,a00929,0.0
194,a00932,0.0
195,a00934,0.0
196,a00937,1.0
197,a00938,0.0
198,a00942,0.0
199,a00945,0.0
200,a00946,0.0
201,a00948,0.0
202,a00953,0.0
203,a00954,1.0
204,a00966,0.0
205,a00968,0.0
206,a00972,0.0
207,a00978,0.0
208,a00980,0.0
209,a00982,0.0
210,a00984,0.0
211,a00985,0.0
212,a00990,0.0
213,a01005,0.0
214,a01014,0.0
215,a01021,0.0
216,a01023,0.0
217,a01026,0.0
218,a01028,0.0
219,a01030,0.0
220,a01037,1.0
221,a01039,0.0
222,a01046,0.0
223,a01049,0.0
224,a01053,0.0
225,a01056,0.0
226,a01057,0.0
227,a01059,0.0
228,a01068,0.0
229,a01080,0.0
230,a01081,0.0
231,a01082,0.0
232,a01084,0.0
233,a01091,0.0
234,a01097,0.0
235,a01105,0.0
236,a01110,0.0
237,a01114,0.0
238,a01118,0.0
239,a01129,0.0
240,a01132,0.0
241,a01137,0.0
242,a01146,0.0
243,a01149,0.0
244,a01158,0.0
245,a01159,0.0
246,a01164,0.0
247,a01180,0.0
248,a01182,0.0
249,a01188,0.0
250,a01192,0.0
251,a01200,0.0
252,a01205,0.0
253,a01210,0.0
254,a01212,0.0
255,a01223,0.0
256,a01229,0.0
257,a01230,0.0
258,a01236,0.0
259,a01239,1.0
260,a01242,0.0
261,a01243,0.0
262,a01248,1.0
263,a01251,0.0
264,a01261,1.0
265,a01264,0.0
266,a01269,0.0
267,a01270,1.0
268,a01280,0.0
269,a01281,0.0
270,a01283,0.0
271,a01291,0.0
272,a01295,0.0
273,a01306,0.0
274,a01309,1.0
275,a01313,0.0
276,a01317,0.0
277,a01318,0.0
278,a01321,0.0
279,a01330,0.0
280,a01332,0.0
281,a01344,0.0
282,a01361,0.0
283,a01362,0.0
284,a01363,0.0
285,a01366,0.0
286,a01367,0.0
287,a01381,0.0
288,a01384,0.0
289,a01392,0.0
290,a01395,0.0
291,a01399,0.0
292,a01401,0.0
293,a01411,0.0
294,a01416,0.0
295,a01423,0.0
296,a01424,0.0
297,a01431,0.0
298,a01433,0.0
299,a01447,0.0
300,a01455,0.0
301,a01456,0.0
302,a01461,0.0
303,a01466,0.0
304,a01471,1.0
305,a01474,0.0
306,a01491,0.0
307,a01492,1.0
308,a01502,1.0
309,a01506,0.0
310,a01519,0.0
311,a01527,0.0
312,a01538,0.0
313,a01541,0.0
314,a01542,0.0
315,a01548,0.0
316,a01551,0.0
317,a01558,0.0
318,a01564,0.0
319,a01566,1.0
320,a01568,0.0
321,a01569,0.0
322,a01573,0.0
323,a01583,0.0
324,a01585,0.0
325,a01588,0.0
326,a01592,0.0
327,a01597,0.0
328,a01603,0.0
329,a01608,0.0
330,a01621,0.0
331,a01627,0.0
332,a01633,0.0
333,a01642,0.0
334,a01646,0.0
335,a01648,0.0
336,a01653,0.0
337,a01655,0.0
338,a01663,0.0
339,a01675,0.0
340,a01677,0.0
341,a01693,0.0
342,a01695,0.0
343,a01713,0.0
344,a01715,0.0
345,a01717,0.0
346,a01721,0.0
347,a01722,0.0
348,a01723,0.0
349,a01729,0.0
350,a01731,1.0
351,a01734,0.0
352,a01735,0.0
353,a01741,0.0
354,a01755,0.0
355,a01756,0.0
356,a01757,0.0
357,a01758,0.0
358,a01759,0.0
359,a01761,0.0
360,a01762,0.0
361,a01769,1.0
362,a01779,0.0
363,a01781,0.0
364,a01783,0.0
365,a01785,0.0
366,a01789,0.0
367,a01790,0.0
368,a01795,0.0
369,a01801,0.0
370,a01810,0.0
371,a01813,0.0
372,a01821,0.0
373,a01831,0.0
374,a01832,0.0
375,a01835,0.0
376,a01836,0.0
377,a01838,0.0
378,a01839,0.0
379,a01847,0.0
380,a01851,0.0
381,a01852,0.0
382,a01853,0.0
383,a01854,0.0
384,a01858,0.0
385,a01867,0.0
386,a01879,1.0
387,a01893,0.0
388,a01900,0.0
389,a01904,0.0
390,a01909,0.0
391,a01913,0.0
392,a01914,0.0
393,a01929,0.0
394,a01940,0.0
395,a01946,0.0
396,a01947,0.0
397,a01948,0.0
398,a01950,0.0
399,a01952,1.0
400,a01953,0.0
401,a01956,0.0
402,a01961,0.0
403,a01962,0.0
404,a01966,0.0
405,a01973,0.0
406,a01976,0.0
407,a01978,0.0
408,a01998,0.0
409,a01999,0.0
410,a02001,0.0
411,a02007,0.0
412,a02008,0.0
413,a02011,1.0
414,a02015,1.0
415,a02016,0.0
416,a02019,0.0
417,a02020,0.0
418,a02023,0.0
419,a02026,0.0
420,a02027,0.0
421,a02035,0.0
422,a02038,0.0
423,a02058,0.0
424,a02064,0.0
425,a02065,0.0
426,a02066,0.0
427,a02068,0.0
428,a02070,0.0
429,a02072,0.0
430,a02073,0.0
431,a02094,0.0
432,a02107,0.0
433,a02108,0.0
434,a02113,1.0
435,a02116,1.0
436,a02117,0.0
437,a02120,0.0
438,a02129,0.0
439,a02130,0.0
440,a02138,0.0
441,a02141,0.0
442,a02151,0.0
443,a02154,0.0
444,a02155,0.0
445,a02156,0.0
446,a02158,0.0
447,a02163,0.0
448,a02164,0.0
449,a02166,0.0
450,a02168,0.0
451,a02169,0.0
452,a02181,0.0
453,a02190,0.0
454,a02191,0.0
455,a02193,0.0
456,a02197,0.0
457,a02199,0.0
458,a02207,0.0
459,a02218,0.0
460,a02219,0.0
461,a02222,1.0
462,a02231,0.0
463,a02233,0.0
464,a02236,0.0
465,a02238,0.0
466,a02244,0.0
467,a02245,0.0
468,a02247,0.0
469,a02248,0.0
470,a02252,0.0
471,a02256,0.0
472,a02263,0.0
473,a02275,0.0
474,a02282,0.0
475,a02287,0.0
476,a02288,1.0
477,a02293,0.0
478,a02294,0.0
479,a02296,0.0
480,a02305,0.0
481,a02307,0.0
482,a02308,0.0
483,a02309,0.0
484,a02335,0.0
485,a02338,0.0
486,a02346,0.0
487,a02350,0.0
488,a02352,0.0
489,a02355,0.0
490,a02361,0.0
491,a02362,0.0
492,a02363,0.0
493,a02364,0.0
494,a02369,0.0
495,a02375,0.0
496,a02377,1.0
497,a02379,0.0
498,a02385,0.0
499,a02387,0.0
500,a02388,0.0
501,a02390,0.0
502,a02396,1.0
503,a02401,0.0
504,a02403,0.0
505,a02407,0.0
506,a02411,0.0
507,a02417,0.0
508,a02421,0.0
509,a02428,0.0
510,a02434,0.0
511,a02435,0.0
512,a02437,0.0
513,a02439,0.0
514,a02444,0.0
515,a02449,0.0
516,a02452,0.0
517,a02453,0.0
518,a02456,0.0
519,a02469,0.0
520,a02470,0.0
521,a02477,0.0
522,a02480,0.0
523,a02482,1.0
524,a02483,0.0
525,a02486,0.0
526,a02493,0.0
527,a02500,0.0
528,a02505,0.0
529,a02508,0.0
530,a02509,0.0
531,a02512,0.0
532,a02520,0.0
533,a02524,0.0
534,a02525,0.0
535,a02527,0.0
536,a02528,0.0
537,a02529,0.0
538,a02533,0.0
539,a02535,0.0
540,a02551,1.0
541,a02558,0.0
542,a02564,0.0
543,a02579,0.0
544,a02593,0.0
545,a02600,0.0
546,a02609,0.0
547,a02611,0.0
548,a02619,1.0
549,a02621,0.0
550,a02622,0.0
551,a02626,0.0
552,a02629,0.0
553,a02630,0.0
554,a02639,0.0
555,a02644,0.0
556,a02645,0.0
557,a02649,0.0
558,a02653,0.0
559,a02654,0.0
560,a02658,0.0
561,a02662,0.0
562,a02663,0.0
563,a02666,0.0
564,a02669,0.0
565,a02670,0.0
566,a02671,0.0
567,a02679,0.0
568,a02680,0.0
569,a02690,0.0
570,a02704,0.0
571,a02707,1.0
572,a02713,0.0
573,a02725,0.0
574,a02727,0.0
575,a02738,0.0
576,a02739,0.0
577,a02740,0.0
578,a02741,1.0
579,a02746,0.0
580,a02748,0.0
581,a02751,0.0
582,a02756,0.0
583,a02762,0.0
584,a02767,0.0
585,a02773,1.0
586,a02786,0.0
587,a02788,0.0
588,a02792,0.0
589,a02793,0.0
590,a02795,0.0
591,a02801,0.0
592,a02809,0.0
593,a02810,1.0
594,a02818,0.0
595,a02829,1.0
596,a02844,0.0
597,a02852,0.0
598,a02858,0.0
599,a02865,0.0
600,a02867,0.0
601,a02886,0.0
602,a02906,0.0
603,a02907,0.0
604,a02913,0.0
605,a02919,0.0
606,a02922,0.0
607,a02924,0.0
608,a02928,0.0
609,a02937,1.0
610,a02943,0.0
611,a02944,0.0
612,a02947,0.0
613,a02953,0.0
614,a02961,0.0
615,a02968,0.0
616,a02969,0.0
617,a02972,0.0
618,a02974,0.0
619,a02977,0.0
620,a02995,0.0
621,a02996,0.0
622,a03009,0.0
623,a03020,0.0
624,a03022,0.0
625,a03034,0.0
626,a03035,1.0
627,a03037,1.0
628,a03038,0.0
629,a03042,0.0
630,a03046,0.0
631,a03048,0.0
632,a03059,0.0
633,a03062,0.0
634,a03072,0.0
635,a03081,0.0
636,a03103,0.0
637,a03108,0.0
638,a03113,0.0
639,a03125,0.0
640,a03129,0.0
641,a03134,0.0
642,a03135,0.0
643,a03148,0.0
644,a03150,0.0
645,a03151,0.0
646,a03153,0.0
647,a03155,0.0
648,a03159,0.0
649,a03165,0.0
650,a03180,0.0
651,a03182,0.0
652,a03188,0.0
653,a03191,0.0
654,a03192,0.0
655,a03198,0.0
656,a03201,0.0
657,a03206,0.0
658,a03207,0.0
659,a03208,0.0
660,a03214,0.0
661,a03215,0.0
662,a03223,0.0
663,a03226,0.0
664,a03237,0.0
665,a03238,0.0
666,a03240,0.0
667,a03247,0.0
668,a03265,0.0
669,a03272,0.0
670,a03275,0.0
671,a03276,0.0
672,a03291,0.0
673,a03294,0.0
674,a03295,0.0
675,a03299,0.0
676,a03311,0.0
677,a03318,0.0
678,a03319,0.0
679,a03327,0.0
680,a03333,0.0
681,a03337,1.0
682,a03342,0.0
683,a03344,0.0
684,a03351,0.0
685,a03352,0.0
686,a03356,0.0
687,a03364,0.0
688,a03365,0.0
689,a03366,1.0
690,a03374,0.0
691,a03377,0.0
692,a03382,0.0
693,a03391,0.0
694,a03394,0.0
695,a03395,0.0
696,a03400,0.0
697,a03401,0.0
698,a03403,0.0
699,a03407,0.0
700,a03417,0.0
701,a03423,0.0
702,a03426,0.0
703,a03427,0.0
704,a03450,0.0
705,a03451,0.0
706,a03452,0.0
707,a03454,0.0
708,a03463,0.0
709,a03479,0.0
710,a03487,0.0
711,a03490,0.0
712,a03495,0.0
713,a03500,0.0
714,a03511,0.0
715,a03516,0.0
716,a03523,1.0
717,a03527,0.0
718,a03528,0.0
719,a03532,0.0
720,a03533,0.0
721,a03534,0.0
722,a03538,0.0
723,a03539,0.0
724,a03548,0.0
725,a03553,0.0
726,a03564,0.0
727,a03568,0.0
728,a03572,0.0
729,a03575,0.0
730,a03581,0.0
731,a03583,0.0
732,a03586,0.0
733,a03592,1.0
734,a03599,0.0
735,a03608,0.0
736,a03614,0.0
737,a03624,0.0
738,a03626,0.0
739,a03631,1.0
740,a03632,0.0
741,a03633,0.0
742,a03635,0.0
743,a03637,0.0
744,a03639,0.0
745,a03640,0.0
746,a03647,0.0
747,a03653,0.0
748,a03665,0.0
749,a03671,0.0
750,a03675,0.0
751,a03678,0.0
752,a03690,0.0
753,a03693,0.0
754,a03696,1.0
755,a03697,0.0
756,a03698,0.0
757,a03702,0.0
758,a03705,0.0
759,a03706,0.0
760,a03713,0.0
761,a03716,0.0
762,a03725,0.0
763,a03742,0.0
764,a03748,0.0
765,a03749,0.0
766,a03752,0.0
767,a03757,0.0
768,a03758,0.0
769,a03761,0.0
770,a03762,0.0
771,a03763,0.0
772,a03765,0.0
773,a03766,0.0
774,a03768,0.0
775,a03770,0.0
776,a03774,0.0
777,a03777,0.0
778,a03778,0.0
779,a03790,0.0
780,a03792,0.0
781,a03795,0.0
782,a03799,0.0
783,a03807,0.0
784,a03809,0.0
785,a03813,0.0
786,a03814,0.0
787,a03825,0.0
788,a03830,0.0
789,a03832,0.0
790,a03837,0.0
791,a03839,0.0
792,a03852,0.0
793,a03870,0.0
794,a03871,0.0
795,a03876,0.0
796,a03891,0.0
797,a03895,0.0
798,a03903,0.0
799,a03905,0.0
800,a03910,0.0
801,a03928,0.0
802,a03945,0.0
803,a03948,0.0
804,a03950,0.0
805,a03955,0.0
806,a03960,0.0
807,a03964,0.0
808,a03968,0.0
809,a03973,0.0
810,a03981,0.0
811,a03993,0.0
812,a03995,0.0
813,a03997,0.0
814,a04011,0.0
815,a04014,0.0
816,a04016,0.0
817,a04017,0.0
818,a04026,0.0
819,a04032,0.0
820,a04034,1.0
821,a04045,0.0
822,a04047,0.0
823,a04048,0.0
824,a04054,0.0
825,a04060,0.0
826,a04061,0.0
827,a04063,0.0
828,a04064,0.0
829,a04065,0.0
830,a04072,0.0
831,a04074,0.0
832,a04077,0.0
833,a04084,0.0
834,a04088,0.0
835,a04089,0.0
836,a04095,0.0
837,a04097,0.0
838,a04105,0.0
839,a04106,0.0
840,a04111,0.0
841,a04117,0.0
842,a04120,0.0
843,a04121,0.0
844,a04122,0.0
845,a04128,0.0
846,a04129,0.0
847,a04135,0.0
848,a04136,0.0
849,a04139,0.0
850,a04146,0.0
851,a04148,0.0
852,a04163,0.0
853,a04165,0.0
854,a04166,0.0
855,a04167,0.0
856,a04169,0.0
857,a04177,0.0
858,a04182,0.0
859,a04187,0.0
860,a04192,0.0
861,a04200,0.0
862,a04202,0.0
863,a04206,0.0
864,a04209,1.0
865,a04210,0.0
866,a04224,0.0
867,a04239,0.0
868,a04241,0.0
869,a04243,0.0
870,a04250,0.0
871,a04254,0.0
872,a04270,0.0
873,a04275,0.0
874,a04282,0.0
875,a04287,0.0
876,a04289,0.0
877,a04298,0.0
878,a04303,0.0
879,a04306,0.0
880,a04307,0.0
881,a04310,0.0
882,a04319,0.0
883,a04320,0.0
884,a04325,0.0
885,a04331,0.0
886,a04342,0.0
887,a04365,0.0
888,a04366,0.0
889,a04370,0.0
890,a04371,1.0
891,a04375,0.0
892,a04384,0.0
893,a04387,0.0
894,a04395,0.0
895,a04399,0.0
896,a04406,0.0
897,a04408,0.0
898,a04413,1.0
899,a04415,0.0
900,a04420,0.0
901,a04435,1.0
902,a04440,0.0
903,a04444,0.0
904,a04445,1.0
905,a04450,0.0
906,a04451,0.0
907,a04456,0.0
908,a04475,0.0
909,a04477,0.0
910,a04478,0.0
911,a04482,0.0
912,a04487,0.0
913,a04489,0.0
914,a04501,0.0
915,a04502,0.0
916,a04504,0.0
917,a04506,1.0
918,a04512,0.0
919,a04513,0.0
920,a04518,0.0
921,a04519,0.0
922,a04522,0.0
923,a04524,0.0
924,a04532,0.0
925,a04546,0.0
926,a04549,0.0
927,a04551,0.0
928,a04553,0.0
929,a04560,0.0
930,a04563,0.0
931,a04573,0.0
932,a04579,0.0
933,a04580,0.0
934,a04584,0.0
935,a04585,0.0
936,a04588,0.0
937,a04590,0.0
938,a04591,0.0
939,a04596,0.0
940,a04598,0.0
941,a04599,0.0
942,a04601,0.0
943,a04612,0.0
944,a04614,0.0
945,a04622,0.0
946,a04625,0.0
947,a04632,0.0
948,a04634,0.0
949,a04637,0.0
950,a04638,0.0
951,a04639,0.0
952,a04648,0.0
953,a04667,0.0
954,a04673,0.0
955,a04676,0.0
956,a04681,0.0
957,a04682,0.0
958,a04683,0.0
959,a04689,0.0
960,a04690,0.0
961,a04696,0.0
962,a04697,0.0
963,a04698,0.0
964,a04699,0.0
965,a04701,0.0
966,a04706,0.0
967,a04710,1.0
968,a04723,0.0
969,a04725,0.0
970,a04726,0.0
971,a04729,0.0
972,a04744,0.0
973,a04748,0.0
974,a04749,0.0
975,a04750,0.0
976,a04755,0.0
977,a04757,0.0
978,a04772,0.0
979,a04773,0.0
980,a04774,1.0
981,a04778,0.0
982,a04779,0.0
983,a04786,0.0
984,a04787,0.0
985,a04792,0.0
986,a04796,0.0
987,a04799,0.0
988,a04802,0.0
989,a04804,0.0
990,a04808,1.0
991,a04811,0.0
992,a04817,0.0
993,a04818,1.0
994,a04825,0.0
995,a04826,0.0
996,a04839,0.0
997,a04841,0.0
998,a04842,0.0
999,a04843,0.0
1000,a04850,0.0
1001,a04866,0.0
1002,a04867,0.0
1003,a04878,0.0
1004,a04889,0.0
1005,a04890,0.0
1006,a04893,0.0
1007,a04896,0.0
1008,a04907,0.0
1009,a04913,0.0
1010,a04915,0.0
1011,a04921,0.0
1012,a04935,0.0
1013,a04936,0.0
1014,a04947,0.0
1015,a04951,1.0
1016,a04953,0.0
1017,a04954,0.0
1018,a04968,0.0
1019,a04972,0.0
1020,a04978,0.0
1021,a04979,1.0
1022,a05004,0.0
1023,a05013,0.0
1024,a05014,0.0
1025,a05015,0.0
1026,a05022,0.0
1027,a05029,0.0
1028,a05030,0.0
1029,a05035,0.0
1030,a05039,0.0
1031,a05049,0.0
1032,a05072,0.0
1033,a05077,0.0
1034,a05083,0.0
1035,a05092,0.0
1036,a05103,0.0
1037,a05105,0.0
1038,a05120,0.0
1039,a05125,0.0
1040,a05131,0.0
1041,a05140,0.0
1042,a05144,0.0
1043,a05147,0.0
1044,a05148,0.0
1045,a05151,0.0
1046,a05168,0.0
1047,a05169,1.0
1048,a05186,0.0
1049,a05191,1.0
1050,a05201,0.0
1051,a05204,0.0
1052,a05210,0.0
1053,a05212,0.0
1054,a05219,0.0
1055,a05220,0.0
1056,a05221,0.0
1057,a05222,0.0
1058,a05226,0.0
1059,a05233,0.0
1060,a05236,0.0
1061,a05237,1.0
1062,a05239,0.0
1063,a05249,0.0
1064,a05257,0.0
1065,a05259,0.0
1066,a05265,0.0
1067,a05266,0.0
1068,a05267,0.0
1069,a05268,0.0
1070,a05273,0.0
1071,a05276,0.0
1072,a05284,0.0
1073,a05287,0.0
1074,a05288,0.0
1075,a05299,0.0
1076,a05305,0.0
1077,a05307,0.0
1078,a05308,0.0
1079,a05310,0.0
1080,a05317,0.0
1081,a05321,0.0
1082,a05322,0.0
1083,a05329,1.0
1084,a05336,0.0
1085,a05348,0.0
1086,a05352,0.0
1087,a05360,0.0
1088,a05376,0.0
1089,a05379,0.0
1090,a05384,0.0
1091,a05391,1.0
1092,a05398,0.0
1093,a05402,0.0
1094,a05412,0.0
1095,a05413,0.0
1096,a05425,0.0
1097,a05430,0.0
1098,a05431,0.0
1099,a05438,0.0
1100,a05439,0.0
1101,a05443,0.0
1102,a05446,0.0
1103,a05447,0.0
1104,a05465,0.0
1105,a05468,0.0
1106,a05476,0.0
1107,a05485,0.0
1108,a05498,0.0
1109,a05499,0.0
1110,a05500,0.0
1111,a05508,0.0
1112,a05525,0.0
1113,a05530,0.0
1114,a05534,0.0
1115,a05535,0.0
1116,a05540,0.0
1117,a05551,0.0
1118,a05557,0.0
1119,a05558,0.0
1120,a05565,0.0
1121,a05570,0.0
1122,a05572,0.0
1123,a05574,0.0
1124,a05582,0.0
1125,a05586,0.0
1126,a05590,0.0
1127,a05591,0.0
1128,a05596,0.0
1129,a05599,0.0
1130,a05601,0.0
1131,a05602,0.0
1132,a05609,1.0
1133,a05611,0.0
1134,a05619,0.0
1135,a05620,0.0
1136,a05623,1.0
1137,a05625,0.0
1138,a05629,0.0
1139,a05637,0.0
1140,a05639,0.0
1141,a05640,0.0
1142,a05646,0.0
1143,a05647,1.0
1144,a05661,0.0
1145,a05663,0.0
1146,a05664,0.0
1147,a05665,0.0
1148,a05668,0.0
1149,a05670,0.0
1150,a05673,0.0
1151,a05680,0.0
1152,a05685,0.0
1153,a05692,0.0
1154,a05695,0.0
1155,a05698,0.0
1156,a05711,0.0
1157,a05715,0.0
1158,a05719,0.0
1159,a05722,0.0
1160,a05724,0.0
1161,a05728,0.0
1162,a05732,0.0
1163,a05737,0.0
1164,a05746,0.0
1165,a05747,0.0
1166,a05751,0.0
1167,a05753,0.0
1168,a05756,0.0
1169,a05758,1.0
1170,a05761,0.0
1171,a05774,0.0
1172,a05775,0.0
1173,a05782,0.0
1174,a05792,0.0
1175,a05801,0.0
1176,a05802,0.0
1177,a05803,0.0
1178,a05805,0.0
1179,a05815,1.0
1180,a05823,0.0
1181,a05824,0.0
1182,a05829,0.0
1183,a05839,0.0
1184,a05845,0.0
1185,a05849,0.0
1186,a05856,0.0
1187,a05859,0.0
1188,a05860,0.0
1189,a05863,0.0
1190,a05865,0.0
1191,a05874,0.0
1192,a05878,0.0
1193,a05881,0.0
1194,a05899,0.0
1195,a05900,0.0
1196,a05903,0.0
1197,a05906,0.0
1198,a05907,0.0
1199,a05908,0.0
1200,a05914,0.0
1201,a05922,0.0
1202,a05927,0.0
1203,a05932,0.0
1204,a05938,0.0
1205,a05941,1.0
1206,a05946,0.0
1207,a05947,0.0
1208,a05958,0.0
1209,a05975,0.0
1210,a05976,0.0
1211,a05977,0.0
1212,a05982,0.0
1213,a05984,0.0
1214,a05990,0.0
1215,a05991,0.0
1216,a05994,0.0
1217,a06005,0.0
1218,a06008,0.0
1219,a06012,1.0
1220,a06013,0.0
1221,a06020,0.0
1222,a06021,0.0
1223,a06026,0.0
1224,a06043,0.0
1225,a06045,0.0
1226,a06051,0.0
1227,a06052,0.0
1228,a06053,0.0
1229,a06059,0.0
1230,a06064,0.0
1231,a06067,0.0
1232,a06069,0.0
1233,a06072,0.0
1234,a06077,0.0
1235,a06085,1.0
1236,a06088,0.0
1237,a06089,0.0
1238,a06095,0.0
1239,a06104,0.0
1240,a06105,0.0
1241,a06106,0.0
1242,a06110,0.0
1243,a06118,0.0
1244,a06125,0.0
1245,a06129,0.0
1246,a06132,0.0
1247,a06138,0.0
1248,a06142,0.0
1249,a06143,0.0
1250,a06147,0.0
1251,a06151,0.0
1252,a06152,0.0
1253,a06154,0.0
1254,a06155,0.0
1255,a06164,0.0
1256,a06166,0.0
1257,a06176,0.0
1258,a06182,0.0
1259,a06186,0.0
1260,a06187,0.0
1261,a06197,0.0
1262,a06198,0.0
1263,a06200,0.0
1264,a06202,1.0
1265,a06206,0.0
1266,a06211,0.0
1267,a06227,0.0
1268,a06231,0.0
1269,a06244,1.0
1270,a06246,0.0
1271,a06252,0.0
1272,a06262,0.0
1273,a06263,0.0
1274,a06273,0.0
1275,a06274,0.0
1276,a06275,0.0
1277,a06277,0.0
1278,a06280,0.0
1279,a06289,0.0
1280,a06300,0.0
1281,a06304,0.0
1282,a06309,0.0
1283,a06314,0.0
1284,a06322,0.0
1285,a06324,0.0
1286,a06327,0.0
1287,a06328,0.0
1288,a06329,0.0
1289,a06336,0.0
1290,a06341,0.0
1291,a06342,0.0
1292,a06348,0.0
1293,a06360,0.0
1294,a06369,0.0
1295,a06370,0.0
1296,a06372,0.0
1297,a06374,1.0
1298,a06382,0.0
1299,a06383,0.0
1300,a06385,0.0
1301,a06387,0.0
1302,a06389,0.0
1303,a06397,0.0
1304,a06401,0.0
1305,a06412,1.0
1306,a06415,0.0
1307,a06425,0.0
1308,a06438,0.0
1309,a06444,0.0
1310,a06447,0.0
1311,a06449,0.0
1312,a06454,0.0
1313,a06458,0.0
1314,a06460,0.0
1315,a06467,0.0
1316,a06471,0.0
1317,a06473,0.0
1318,a06477,0.0
1319,a06481,0.0
1320,a06486,0.0
1321,a06491,0.0
1322,a06495,0.0
1323,a06498,0.0
1324,a06503,0.0
1325,a06506,0.0
1326,a06511,0.0
1327,a06528,0.0
1328,a06538,0.0
1329,a06546,0.0
1330,a06552,0.0
1331,a06554,1.0
1332,a06561,0.0
1333,a06563,0.0
1334,a06573,0.0
1335,a06577,0.0
1336,a06579,0.0
1337,a06582,0.0
1338,a06583,0.0
1339,a06584,0.0
1340,a06589,0.0
1341,a06600,0.0
1342,a06605,0.0
1343,a06610,0.0
1344,a06616,0.0
1345,a06627,0.0
1346,a06630,0.0
1347,a06641,0.0
1348,a06645,1.0
1349,a06661,0.0
1350,a06664,0.0
1351,a06665,0.0
1352,a06685,0.0
1353,a06707,0.0
1354,a06713,0.0
1355,a06715,0.0
1356,a06718,0.0
1357,a06719,0.0
1358,a06720,0.0
1359,a06726,0.0
1360,a06727,0.0
1361,a06737,0.0
1362,a06749,0.0
1363,a06757,0.0
1364,a06758,0.0
1365,a06766,1.0
1366,a06772,0.0
1367,a06780,0.0
1368,a06789,0.0
1369,a06791,0.0
1370,a06793,0.0
1371,a06795,0.0
1372,a06797,0.0
1373,a06798,0.0
1374,a06806,0.0
1375,a06812,1.0
1376,a06816,0.0
1377,a06825,0.0
1378,a06835,0.0
1379,a06837,0.0
1380,a06855,0.0
1381,a06856,0.0
1382,a06858,1.0
1383,a06859,0.0
1384,a06861,0.0
1385,a06868,0.0
1386,a06869,0.0
1387,a06870,0.0
1388,a06880,0.0
1389,a06881,0.0
1390,a06882,0.0
1391,a06895,0.0
1392,a06898,0.0
1393,a06899,0.0
1394,a06901,0.0
1395,a06915,0.0
1396,a06920,0.0
1397,a06922,0.0
1398,a06924,0.0
1399,a06926,0.0
1400,a06927,0.0
1401,a06936,0.0
1402,a06945,0.0
1403,a06946,0.0
1404,a06947,0.0
1405,a06955,1.0
1406,a06958,0.0
1407,a06962,0.0
1408,a06963,0.0
1409,a06979,0.0
1410,a06984,0.0
1411,a06985,0.0
1412,a06989,0.0
1413,a06995,0.0
1414,a06999,0.0
1415,a07000,0.0
1416,a07001,0.0
1417,a07003,0.0
1418,a07005,0.0
1419,a07008,0.0
1420,a07013,0.0
1421,a07015,0.0
1422,a07016,0.0
1423,a07020,0.0
1424,a07021,0.0
1425,a07028,0.0
1426,a07034,0.0
1427,a07036,1.0
1428,a07049,0.0
1429,a07058,0.0
1430,a07059,0.0
1431,a07070,0.0
1432,a07075,0.0
1433,a07079,0.0
1434,a07082,1.0
1435,a07090,1.0
1436,a07094,0.0
1437,a07097,0.0
1438,a07100,0.0
1439,a07116,0.0
1440,a07120,0.0
1441,a07121,0.0
1442,a07122,0.0
1443,a07125,0.0
1444,a07128,1.0
1445,a07136,0.0
1446,a07140,0.0
1447,a07144,0.0
1448,a07147,0.0
1449,a07148,0.0
1450,a07151,0.0
1451,a07154,0.0
1452,a07155,0.0
1453,a07159,1.0
1454,a07160,0.0
1455,a07171,0.0
1456,a07175,0.0
1457,a07183,0.0
1458,a07187,0.0
1459,a07191,1.0
1460,a07205,0.0
1461,a07214,0.0
1462,a07215,0.0
1463,a07221,1.0
1464,a07224,0.0
1465,a07228,0.0
1466,a07235,0.0
1467,a07242,0.0
1468,a07244,0.0
1469,a07249,0.0
1470,a07250,0.0
1471,a07252,0.0
1472,a07254,0.0
1473,a07257,0.0
1474,a07258,0.0
1475,a07267,0.0
1476,a07271,0.0
1477,a07273,0.0
1478,a07277,0.0
1479,a07278,0.0
1480,a07281,0.0
1481,a07291,0.0
1482,a07299,0.0
1483,a07320,0.0
1484,a07323,0.0
1485,a07329,0.0
1486,a07333,0.0
1487,a07346,0.0
1488,a07347,0.0
1489,a07352,0.0
1490,a07357,0.0
1491,a07362,0.0
1492,a07364,0.0
1493,a07366,0.0
1494,a07372,0.0
1495,a07377,0.0
1496,a07380,0.0
1497,a07393,0.0
1498,a07397,0.0
1499,a07402,0.0
1500,a07403,0.0
1501,a07406,0.0
1502,a07413,0.0
1503,a07422,0.0
1504,a07424,0.0
1505,a07428,1.0
1506,a07430,0.0
1507,a07431,0.0
1508,a07435,0.0
1509,a07438,0.0
1510,a07439,0.0
1511,a07447,0.0
1512,a07451,0.0
1513,a07458,0.0
1514,a07461,0.0
1515,a07462,0.0
1516,a07463,0.0
1517,a07473,0.0
1518,a07474,0.0
1519,a07477,0.0
1520,a07489,0.0
1521,a07496,0.0
1522,a07497,0.0
1523,a07504,0.0
1524,a07506,0.0
1525,a07508,1.0
1526,a07524,0.0
1527,a07540,0.0
1528,a07546,1.0
1529,a07547,0.0
1530,a07551,0.0
1531,a07557,0.0
1532,a07563,0.0
1533,a07564,0.0
1534,a07566,0.0
1535,a07569,0.0
1536,a07573,1.0
1537,a07576,1.0
1538,a07582,0.0
1539,a07588,0.0
1540,a07589,0.0
1541,a07593,0.0
1542,a07595,0.0
1543,a07596,0.0
1544,a07604,0.0
1545,a07614,0.0
1546,a07620,0.0
1547,a07623,0.0
1548,a07627,0.0
1549,a07632,0.0
1550,a07642,0.0
1551,a07643,0.0
1552,a07645,0.0
1553,a07646,0.0
1554,a07647,0.0
1555,a07656,0.0
1556,a07660,0.0
1557,a07662,0.0
1558,a07666,0.0
1559,a07678,0.0
1560,a07684,0.0
1561,a07685,0.0
1562,a07687,0.0
1563,a07688,1.0
1564,a07696,0.0
1565,a07700,1.0
1566,a07703,0.0
1567,a07704,0.0
1568,a07705,0.0
1569,a07709,0.0
1570,a07717,0.0
1571,a07718,0.0
1572,a07721,0.0
1573,a07726,0.0
1574,a07727,0.0
1575,a07734,0.0
1576,a07742,0.0
1577,a07745,0.0
1578,a07749,0.0
1579,a07758,0.0
1580,a07761,0.0
1581,a07763,0.0
1582,a07767,0.0
1583,a07777,1.0
1584,a07780,0.0
1585,a07781,0.0
1586,a07782,1.0
1587,a07785,0.0
1588,a07789,0.0
1589,a07790,0.0
1590,a07791,1.0
1591,a07794,0.0
1592,a07798,1.0
1593,a07799,0.0
1594,a07802,0.0
1595,a07804,0.0
1596,a07805,0.0
1597,a07810,0.0
1598,a07831,0.0
1599,a07837,0.0
1600,a07842,0.0
1601,a07848,0.0
1602,a07853,0.0
1603,a07857,0.0
1604,a07866,0.0
1605,a07874,0.0
1606,a07878,0.0
1607,a07879,0.0
1608,a07881,0.0
1609,a07883,0.0
1610,a07884,0.0
1611,a07893,0.0
1612,a07898,0.0
1613,a07906,0.0
1614,a07908,0.0
1615,a07913,0.0
1616,a07914,0.0
1617,a07917,0.0
1618,a07925,1.0
1619,a07930,0.0
1620,a07939,0.0
1621,a07940,0.0
1622,a07947,0.0
1623,a07949,0.0
1624,a07954,0.0
1625,a07955,0.0
1626,a07973,0.0
1627,a07980,0.0
1628,a07988,0.0
1629,a07991,0.0
1630,a08000,0.0
1631,a08004,0.0
1632,a08005,0.0
1633,a08007,1.0
1634,a08008,1.0
1635,a08023,0.0
1636,a08025,0.0
1637,a08032,0.0
1638,a08034,0.0
1639,a08043,0.0
1640,a08052,0.0
1641,a08071,0.0
1642,a08075,0.0
1643,a08081,0.0
1644,a08082,0.0
1645,a08083,1.0
1646,a08096,0.0
1647,a08100,1.0
1648,a08101,0.0
1649,a08109,0.0
1650,a08110,0.0
1651,a08111,0.0
1652,a08125,0.0
1653,a08126,0.0
1654,a08135,0.0
1655,a08137,0.0
1656,a08140,0.0
1657,a08146,0.0
1658,a08148,0.0
1659,a08149,0.0
1660,a08160,0.0
1661,a08166,0.0
1662,a08168,0.0
1663,a08171,0.0
1664,a08173,0.0
1665,a08175,1.0
1666,a08184,0.0
1667,a08186,0.0
1668,a08187,0.0
1669,a08193,0.0
1670,a08200,0.0
1671,a08207,0.0
1672,a08216,0.0
1673,a08221,0.0
1674,a08230,0.0
1675,a08239,0.0
1676,a08241,0.0
1677,a08245,0.0
1678,a08250,1.0
1679,a08266,0.0
1680,a08272,0.0
1681,a08279,0.0
1682,a08281,1.0
1683,a08307,0.0
1684,a08310,0.0
1685,a08313,0.0
1686,a08315,0.0
1687,a08317,0.0
1688,a08321,0.0
1689,a08323,0.0
1690,a08330,0.0
1691,a08333,0.0
1692,a08338,0.0
1693,a08340,0.0
1694,a08351,0.0
1695,a08352,1.0
1696,a08357,0.0
1697,a08367,0.0
1698,a08374,1.0
1699,a08375,0.0
1700,a08380,0.0
1701,a08383,0.0
1702,a08384,0.0
1703,a08390,0.0
1704,a08392,1.0
1705,a08398,0.0
1706,a08406,0.0
1707,a08413,0.0
1708,a08422,0.0
1709,a08428,0.0
1710,a08432,0.0
1711,a08433,0.0
1712,a08448,0.0
1713,a08458,0.0
1714,a08467,0.0
1715,a08478,0.0
1716,a08492,0.0
1717,a08494,0.0
1718,a08500,0.0
1719,a08503,0.0
1720,a08504,0.0
1721,a08507,0.0
1722,a08508,0.0
1723,a08517,0.0
1724,a08523,0.0
1725,a08528,0.0
1726,a08537,0.0
1727,a08539,0.0
1728,a08542,0.0
1729,a08547,0.0
1730,a08548,0.0
1731,a08552,0.0
1732,a08555,0.0
1733,a08561,0.0
1734,a08572,0.0
1735,a08583,0.0
1736,a08585,1.0
1737,a08591,0.0
1738,a08594,0.0
1739,a08596,0.0
1740,a08597,1.0
1741,a08600,0.0
1742,a08608,0.0
1743,a08610,0.0
1744,a08611,0.0
1745,a08615,0.0
1746,a08618,0.0
1747,a08626,0.0
1748,a08629,0.0
1749,a08635,0.0
1750,a08640,0.0
1751,a08642,0.0
1752,a08647,0.0
1753,a08650,0.0
1754,a08653,0.0
1755,a08661,0.0
1756,a08662,0.0
1757,a08663,0.0
1758,a08670,0.0
1759,a08671,0.0
1760,a08672,0.0
1761,a08684,0.0
1762,a08685,0.0
1763,a08691,0.0
1764,a08706,0.0
1765,a08711,0.0
1766,a08713,0.0
1767,a08723,0.0
1768,a08730,0.0
1769,a08745,0.0
1770,a08760,0.0
1771,a08763,0.0
1772,a08768,0.0
1773,a08784,0.0
1774,a08787,0.0
1775,a08793,0.0
1776,a08794,0.0
1777,a08799,0.0
1778,a08800,0.0
1779,a08803,0.0
1780,a08809,0.0
1781,a08810,1.0
1782,a08814,1.0
1783,a08817,0.0
1784,a08831,0.0
1785,a08837,0.0
1786,a08844,0.0
1787,a08854,0.0
1788,a08855,0.0
1789,a08860,0.0
1790,a08861,0.0
1791,a08862,0.0
1792,a08864,0.0
1793,a08872,0.0
1794,a08883,0.0
1795,a08889,0.0
1796,a08897,0.0
1797,a08901,0.0
1798,a08903,0.0
1799,a08913,0.0
1800,a08917,0.0
1801,a08927,0.0
1802,a08928,0.0
1803,a08938,0.0
1804,a08941,0.0
1805,a08950,0.0
1806,a08951,0.0
1807,a08952,0.0
1808,a08956,0.0
1809,a08961,0.0
1810,a08965,0.0
1811,a08967,0.0
1812,a08975,0.0
1813,a08977,0.0
1814,a08982,0.0
1815,a08984,0.0
1816,a08988,0.0
1817,a09000,0.0
1818,a09001,0.0
1819,a09005,0.0
1820,a09008,0.0
1821,a09009,0.0
1822,a09010,0.0
1823,a09016,1.0
1824,a09018,0.0
1825,a09020,0.0
1826,a09021,0.0
1827,a09038,0.0
1828,a09040,0.0
1829,a09046,0.0
1830,a09052,0.0
1831,a09055,0.0
1832,a09060,1.0
1833,a09062,1.0
1834,a09065,0.0
1835,a09076,0.0
1836,a09078,1.0
1837,a09079,0.0
1838,a09083,0.0
1839,a09092,0.0
1840,a09099,0.0
1841,a09101,0.0
1842,a09104,0.0
1843,a09117,0.0
1844,a09118,0.0
1845,a09119,0.0
1846,a09121,0.0
1847,a09127,0.0
1848,a09143,0.0
1849,a09152,0.0
1850,a09156,0.0
1851,a09158,0.0
1852,a09160,0.0
1853,a09174,0.0
1854,a09175,0.0
1855,a09180,0.0
1856,a09181,0.0
1857,a09194,0.0
1858,a09198,0.0
1859,a09211,0.0
1860,a09219,0.0
1861,a09222,0.0
1862,a09223,0.0
1863,a09224,1.0
1864,a09236,0.0
1865,a09241,0.0
1866,a09247,0.0
1867,a09254,0.0
1868,a09257,0.0
1869,a09258,0.0
1870,a09259,0.0
1871,a09264,0.0
1872,a09269,0.0
1873,a09271,0.0
1874,a09276,0.0
1875,a09278,0.0
1876,a09282,0.0
1877,a09286,1.0
1878,a09289,0.0
1879,a09290,0.0
1880,a09303,0.0
1881,a09305,0.0
1882,a09318,0.0
1883,a09321,0.0
1884,a09327,0.0
1885,a09331,0.0
1886,a09332,0.0
1887,a09334,0.0
1888,a09335,0.0
1889,a09340,0.0
1890,a09341,0.0
1891,a09363,0.0
1892,a09365,0.0
1893,a09374,0.0
1894,a09377,0.0
1895,a09380,0.0
1896,a09383,0.0
1897,a09389,0.0
1898,a09390,0.0
1899,a09391,0.0
1900,a09395,0.0
1901,a09406,0.0
1902,a09409,0.0
1903,a09412,1.0
1904,a09413,0.0
1905,a09418,0.0
1906,a09420,0.0
1907,a09422,0.0
1908,a09424,0.0
1909,a09425,0.0
1910,a09434,0.0
1911,a09438,0.0
1912,a09440,0.0
1913,a09441,0.0
1914,a09444,1.0
1915,a09451,0.0
1916,a09455,0.0
1917,a09466,0.0
1918,a09467,0.0
1919,a09475,0.0
1920,a09476,0.0
1921,a09483,0.0
1922,a09487,0.0
1923,a09491,0.0
1924,a09494,0.0
1925,a09502,0.0
1926,a09505,0.0
1927,a09512,0.0
1928,a09513,0.0
1929,a09515,0.0
1930,a09529,1.0
1931,a09533,0.0
1932,a09535,0.0
1933,a09536,0.0
1934,a09544,0.0
1935,a09551,0.0
1936,a09552,0.0
1937,a09553,0.0
1938,a09557,0.0
1939,a09567,0.0
1940,a09583,0.0
1941,a09586,0.0
1942,a09590,0.0
1943,a09600,0.0
1944,a09602,1.0
1945,a09604,0.0
1946,a09607,0.0
1947,a09609,0.0
1948,a09617,0.0
1949,a09625,0.0
1950,a09631,0.0
1951,a09636,0.0
1952,a09644,1.0
1953,a09647,0.0
1954,a09648,0.0
1955,a09654,0.0
1956,a09655,0.0
1957,a09658,0.0
1958,a09672,0.0
1959,a09674,0.0
1960,a09681,0.0
1961,a09682,0.0
1962,a09686,0.0
1963,a09693,0.0
1964,a09698,0.0
1965,a09712,0.0
1966,a09713,0.0
1967,a09719,0.0
1968,a09720,0.0
1969,a09721,1.0
1970,a09730,0.0
1971,a09738,0.0
1972,a09744,0.0
1973,a09746,0.0
1974,a09749,0.0
1975,a09750,0.0
1976,a09760,0.0
1977,a09771,0.0
1978,a09777,0.0
1979,a09786,0.0
1980,a09791,0.0
1981,a09795,0.0
1982,a09796,0.0
1983,a09797,0.0
1984,a09800,0.0
1985,a09811,0.0
1986,a09812,0.0
1987,a09814,0.0
1988,a09819,0.0
1989,a09828,0.0
1990,a09836,0.0
1991,a09842,0.0
1992,a09844,0.0
1993,a09845,0.0
1994,a09846,0.0
1995,a09851,0.0
1996,a09857,0.0
1997,a09858,0.0
1998,a09861,0.0
1999,a09867,0.0
2000,a09870,0.0
2001,a09872,0.0
2002,a09874,0.0
2003,a09886,0.0
2004,a09889,0.0
2005,a09891,0.0
2006,a09892,0.0
2007,a09894,0.0
2008,a09895,0.0
2009,a09899,1.0
2010,a09900,0.0
2011,a09903,0.0
2012,a09914,0.0
2013,a09927,0.0
2014,a09929,0.0
2015,a09933,0.0
2016,a09936,0.0
2017,a09945,0.0
2018,a09947,0.0
2019,a09949,1.0
2020,a09954,0.0
2021,a09956,0.0
2022,a09968,0.0
2023,a09971,0.0
2024,a09973,0.0
2025,a09977,0.0
2026,a09988,0.0
2027,a09990,0.0
2028,a09991,0.0
2029,a09997,0.0
2030,a09999,0.0
2031,a10006,0.0
2032,a10020,0.0
2033,a10022,0.0
2034,a10027,0.0
2035,a10030,0.0
2036,a10036,0.0
2037,a10058,0.0
2038,a10063,0.0
2039,a10076,1.0
2040,a10083,0.0
2041,a10086,0.0
2042,a10087,0.0
2043,a10089,0.0
2044,a10101,0.0
2045,a10107,0.0
2046,a10110,0.0
2047,a10122,0.0
2048,a10129,0.0
2049,a10134,0.0
2050,a10135,0.0
2051,a10142,0.0
2052,a10144,0.0
2053,a10147,0.0
2054,a10152,0.0
2055,a10156,0.0
2056,a10158,0.0
2057,a10159,0.0
2058,a10160,0.0
2059,a10162,1.0
2060,a10168,0.0
2061,a10176,0.0
2062,a10179,1.0
2063,a10180,0.0
2064,a10193,0.0
2065,a10214,0.0
2066,a10227,0.0
2067,a10230,1.0
2068,a10232,0.0
2069,a10235,0.0
2070,a10241,0.0
2071,a10242,0.0
2072,a10244,0.0
2073,a10250,0.0
2074,a10253,0.0
2075,a10254,0.0
2076,a10256,0.0
2077,a10257,0.0
2078,a10264,0.0
2079,a10265,1.0
2080,a10268,0.0
2081,a10277,0.0
2082,a10279,0.0
2083,a10286,1.0
2084,a10290,0.0
2085,a10295,0.0
2086,a10298,0.0
2087,a10299,0.0
2088,a10303,0.0
2089,a10311,0.0
2090,a10313,0.0
2091,a10318,0.0
2092,a10319,0.0
2093,a10321,0.0
2094,a10323,0.0
2095,a10355,0.0
2096,a10362,1.0
2097,a10372,0.0
2098,a10378,0.0
2099,a10387,0.0
2100,a10425,0.0
2101,a10426,0.0
2102,a10430,0.0
2103,a10433,0.0
2104,a10444,0.0
2105,a10448,0.0
2106,a10455,0.0
2107,a10457,0.0
2108,a10465,0.0
2109,a10474,0.0
2110,a10476,0.0
2111,a10482,0.0
2112,a10487,0.0
2113,a10491,0.0
2114,a10493,0.0
2115,a10495,0.0
2116,a10498,0.0
2117,a10502,0.0
2118,a10508,0.0
2119,a10513,0.0
2120,a10529,0.0
2121,a10530,0.0
2122,a10535,0.0
2123,a10538,0.0
2124,a10542,0.0
2125,a10546,0.0
2126,a10548,0.0
2127,a10555,0.0
2128,a10562,0.0
2129,a10584,0.0
2130,a10586,0.0
2131,a10590,0.0
2132,a10606,0.0
2133,a10613,0.0
2134,a10622,0.0
2135,a10631,0.0
2136,a10637,0.0
2137,a10639,0.0
2138,a10642,0.0
2139,a10643,0.0
2140,a10649,0.0
2141,a10650,0.0
2142,a10654,0.0
2143,a10659,0.0
2144,a10662,0.0
2145,a10663,0.0
2146,a10667,0.0
2147,a10670,0.0
2148,a10683,0.0
2149,a10701,0.0
2150,a10706,0.0
2151,a10707,0.0
2152,a10710,1.0
2153,a10711,0.0
2154,a10712,0.0
2155,a10713,0.0
2156,a10721,0.0
2157,a10722,0.0
2158,a10724,0.0
2159,a10726,0.0
2160,a10743,1.0
2161,a10751,0.0
2162,a10754,0.0
2163,a10758,0.0
2164,a10759,0.0
2165,a10767,0.0
2166,a10776,0.0
2167,a10779,0.0
2168,a10788,0.0
2169,a10790,0.0
2170,a10792,0.0
2171,a10802,0.0
2172,a10813,0.0
2173,a10818,0.0
2174,a10819,0.0
2175,a10821,0.0
2176,a10834,0.0
2177,a10841,0.0
2178,a10850,0.0
2179,a10854,0.0
2180,a10861,0.0
2181,a10871,0.0
2182,a10878,0.0
2183,a10887,0.0
2184,a10893,0.0
2185,a10894,0.0
2186,a10895,0.0
2187,a10903,0.0
2188,a10909,0.0
2189,a10911,0.0
2190,a10914,0.0
2191,a10918,0.0
2192,a10921,0.0
2193,a10923,0.0
2194,a10931,0.0
2195,a10934,1.0
2196,a10942,0.0
2197,a10945,0.0
2198,a10946,0.0
2199,a10947,0.0
2200,a10949,0.0
2201,a10953,0.0
2202,a10955,0.0
2203,a10962,0.0
2204,a10963,0.0
2205,a10965,0.0
2206,a10976,0.0
2207,a10989,0.0
2208,a10992,0.0
2209,a10995,0.0
2210,a10997,0.0
2211,a11001,0.0
2212,a11002,0.0
2213,a11003,0.0
2214,a11008,0.0
2215,a11019,1.0
2216,a11022,0.0
2217,a11026,0.0
2218,a11029,0.0
2219,a11030,0.0
2220,a11031,0.0
2221,a11033,0.0
2222,a11035,0.0
2223,a11040,0.0
2224,a11044,0.0
2225,a11045,0.0
2226,a11072,0.0
2227,a11085,1.0
2228,a11088,1.0
2229,a11097,0.0
2230,a11102,0.0
2231,a11111,0.0
2232,a11112,0.0
2233,a11114,0.0
2234,a11127,1.0
2235,a11139,0.0
2236,a11144,0.0
2237,a11145,0.0
2238,a11158,0.0
2239,a11165,0.0
2240,a11172,0.0
2241,a11178,0.0
2242,a11184,0.0
2243,a11189,0.0
2244,a11196,0.0
2245,a11199,0.0
2246,a11204,0.0
2247,a11218,0.0
2248,a11227,0.0
2249,a11229,0.0
2250,a11234,0.0
2251,a11235,0.0
2252,a11236,0.0
2253,a11242,0.0
2254,a11246,0.0
2255,a11251,0.0
2256,a11252,0.0
2257,a11262,0.0
2258,a11264,0.0
2259,a11280,0.0
2260,a11282,0.0
2261,a11283,0.0
2262,a11290,0.0
2263,a11291,0.0
2264,a11296,0.0
2265,a11300,1.0
2266,a11308,1.0
2267,a11318,1.0
2268,a11321,1.0
2269,a11323,0.0
2270,a11324,0.0
2271,a11325,0.0
2272,a11326,0.0
2273,a11330,0.0
2274,a11335,0.0
2275,a11341,0.0
2276,a11346,0.0
2277,a11350,0.0
2278,a11353,0.0
2279,a11360,0.0
2280,a11366,0.0
2281,a11379,0.0
2282,a11380,0.0
2283,a11384,0.0
2284,a11385,0.0
2285,a11386,0.0
2286,a11388,0.0
2287,a11406,0.0
2288,a11409,1.0
2289,a11413,0.0
2290,a11417,0.0
2291,a11419,0.0
2292,a11421,0.0
2293,a11430,0.0
2294,a11433,0.0
2295,a11434,0.0
2296,a11439,0.0
2297,a11443,0.0
2298,a11451,0.0
2299,a11457,0.0
2300,a11459,1.0
2301,a11460,1.0
2302,a11463,1.0
2303,a11472,0.0
2304,a11473,0.0
2305,a11477,0.0
2306,a11478,0.0
2307,a11488,0.0
2308,a11496,0.0
2309,a11503,0.0
2310,a11504,0.0
2311,a11514,0.0
2312,a11516,0.0
2313,a11517,0.0
2314,a11522,0.0
2315,a11529,0.0
2316,a11534,0.0
2317,a11548,0.0
2318,a11553,0.0
2319,a11560,0.0
2320,a11565,0.0
2321,a11571,0.0
2322,a11574,1.0
2323,a11576,0.0
2324,a11590,0.0
2325,a11591,0.0
2326,a11592,0.0
2327,a11602,1.0
2328,a11606,0.0
2329,a11607,0.0
2330,a11608,0.0
2331,a11609,0.0
2332,a11614,1.0
2333,a11618,0.0
2334,a11619,0.0
2335,a11620,0.0
2336,a11621,0.0
2337,a11626,0.0
2338,a11627,0.0
2339,a11628,0.0
2340,a11635,0.0
2341,a11640,1.0
2342,a11641,0.0
2343,a11646,0.0
2344,a11648,0.0
2345,a11649,0.0
2346,a11651,0.0
2347,a11652,0.0
2348,a11666,0.0
2349,a11669,0.0
2350,a11673,0.0
2351,a11690,0.0
2352,a11692,0.0
2353,a11693,0.0
2354,a11697,0.0
2355,a11698,0.0
2356,a11701,0.0
2357,a11710,0.0
2358,a11715,0.0
2359,a11721,0.0
2360,a11730,0.0
2361,a11733,1.0
2362,a11742,0.0
2363,a11747,0.0
2364,a11748,0.0
2365,a11754,0.0
2366,a11757,0.0
2367,a11774,0.0
2368,a11780,1.0
2369,a11792,0.0
2370,a11795,0.0
2371,a11800,0.0
2372,a11801,0.0
2373,a11811,0.0
2374,a11814,0.0
2375,a11820,0.0
2376,a11822,1.0
2377,a11823,0.0
2378,a11830,0.0
2379,a11831,0.0
2380,a11837,0.0
2381,a11840,0.0
2382,a11849,0.0
2383,a11851,0.0
2384,a11854,0.0
2385,a11855,0.0
2386,a11856,0.0
2387,a11862,0.0
2388,a11864,0.0
2389,a11867,0.0
2390,a11869,0.0
2391,a11874,1.0
2392,a11881,0.0
2393,a11887,0.0
2394,a11889,0.0
2395,a11906,0.0
2396,a11908,0.0
2397,a11916,0.0
2398,a11918,0.0
2399,a11920,0.0
2400,a11924,0.0
2401,a11925,0.0
2402,a11926,0.0
2403,a11927,0.0
2404,a11929,0.0
2405,a11930,0.0
2406,a11941,0.0
2407,a11944,0.0
2408,a11945,0.0
2409,a11962,0.0
2410,a11963,0.0
2411,a11966,0.0
2412,a11968,0.0
2413,a11970,0.0
2414,a11974,0.0
2415,a11979,0.0
2416,a11980,0.0
2417,a11984,0.0
2418,a11985,1.0
2419,a11993,0.0
2420,a11995,0.0
2421,a11998,0.0
2422,a12013,0.0
2423,a12015,0.0
2424,a12026,0.0
2425,a12028,0.0
2426,a12032,0.0
2427,a12037,0.0
2428,a12038,0.0
2429,a12051,0.0
2430,a12059,0.0
2431,a12065,0.0
2432,a12066,0.0
2433,a12069,0.0
2434,a12070,0.0
2435,a12074,0.0
2436,a12081,0.0
2437,a12084,0.0
2438,a12085,0.0
2439,a12086,0.0
2440,a12094,0.0
2441,a12095,0.0
2442,a12111,0.0
2443,a12113,0.0
2444,a12114,1.0
2445,a12119,0.0
2446,a12120,0.0
2447,a12132,0.0
2448,a12134,0.0
2449,a12138,0.0
2450,a12141,0.0
2451,a12145,0.0
2452,a12147,0.0
2453,a12149,0.0
2454,a12150,0.0
2455,a12158,0.0
2456,a12162,0.0
2457,a12165,0.0
2458,a12170,0.0
2459,a12171,0.0
2460,a12178,0.0
2461,a12182,0.0
2462,a12184,0.0
2463,a12187,0.0
2464,a12189,0.0
2465,a12191,0.0
2466,a12200,0.0
2467,a12204,0.0
2468,a12212,0.0
2469,a12214,1.0
2470,a12216,0.0
2471,a12228,0.0
2472,a12230,0.0
2473,a12239,0.0
2474,a12242,0.0
2475,a12249,0.0
2476,a12257,0.0
2477,a12258,0.0
2478,a12267,0.0
2479,a12275,0.0
2480,a12276,0.0
2481,a12278,0.0
2482,a12283,0.0
2483,a12286,0.0
2484,a12288,0.0
2485,a12314,1.0
2486,a12318,0.0
2487,a12321,0.0
2488,a12328,0.0
2489,a12329,0.0
2490,a12333,0.0
2491,a12336,0.0
2492,a12348,0.0
2493,a12350,0.0
2494,a12359,0.0
2495,a12362,0.0
2496,a12363,0.0
2497,a12367,1.0
2498,a12370,0.0
2499,a12373,0.0
2500,a12378,0.0
2501,a12387,0.0
2502,a12407,0.0
2503,a12415,0.0
2504,a12417,0.0
2505,a12420,0.0
2506,a12423,0.0
2507,a12441,0.0
2508,a12443,0.0
2509,a12445,1.0
2510,a12448,0.0
2511,a12452,0.0
2512,a12454,0.0
2513,a12457,0.0
2514,a12467,0.0
2515,a12471,0.0
2516,a12472,0.0
2517,a12479,0.0
2518,a12482,0.0
2519,a12483,0.0
2520,a12488,0.0
2521,a12497,0.0
2522,a12501,0.0
2523,a12502,0.0
2524,a12521,0.0
2525,a12528,0.0
2526,a12531,0.0
2527,a12535,0.0
2528,a12536,0.0
2529,a12538,0.0
2530,a12540,0.0
2531,a12541,0.0
2532,a12544,0.0
2533,a12546,0.0
2534,a12548,0.0
2535,a12553,0.0
2536,a12555,0.0
2537,a12562,0.0
2538,a12563,0.0
2539,a12567,1.0
2540,a12599,0.0
2541,a12605,0.0
2542,a12607,0.0
2543,a12608,0.0
2544,a12609,1.0
2545,a12612,0.0
2546,a12614,0.0
2547,a12623,0.0
2548,a12630,1.0
2549,a12643,0.0
2550,a12647,0.0
2551,a12649,0.0
2552,a12652,0.0
2553,a12654,0.0
2554,a12660,0.0
2555,a12666,0.0
2556,a12667,0.0
2557,a12675,0.0
2558,a12676,0.0
2559,a12677,0.0
2560,a12682,0.0
2561,a12687,0.0
2562,a12688,0.0
2563,a12693,0.0
2564,a12702,0.0
2565,a12703,0.0
2566,a12710,0.0
2567,a12712,0.0
2568,a12713,0.0
2569,a12715,0.0
2570,a12717,0.0
2571,a12722,0.0
2572,a12727,0.0
2573,a12728,0.0
2574,a12734,0.0
2575,a12746,0.0
2576,a12754,0.0
2577,a12756,0.0
2578,a12757,0.0
2579,a12761,0.0
2580,a12764,0.0
2581,a12776,0.0
2582,a12777,0.0
2583,a12781,0.0
2584,a12784,1.0
2585,a12787,0.0
2586,a12794,0.0
2587,a12798,0.0
2588,a12799,0.0
2589,a12800,0.0
2590,a12804,0.0
2591,a12808,0.0
2592,a12812,0.0
2593,a12813,0.0
2594,a12817,0.0
2595,a12821,0.0
2596,a12824,0.0
2597,a12829,1.0
2598,a12836,1.0
2599,a12839,0.0
2600,a12847,0.0
2601,a12849,0.0
2602,a12851,0.0
2603,a12852,0.0
2604,a12858,0.0
2605,a12861,0.0
2606,a12863,0.0
2607,a12864,0.0
2608,a12865,0.0
2609,a12872,0.0
2610,a12889,0.0
2611,a12900,0.0
2612,a12901,1.0
2613,a12902,0.0
2614,a12903,0.0
2615,a12905,0.0
2616,a12908,0.0
2617,a12911,0.0
2618,a12919,0.0
2619,a12921,0.0
2620,a12934,0.0
2621,a12936,0.0
2622,a12943,0.0
2623,a12953,0.0
2624,a12958,0.0
2625,a12960,0.0
2626,a12963,0.0
2627,a12968,1.0
2628,a12970,0.0
2629,a12976,0.0
2630,a12981,0.0
2631,a12984,0.0
2632,a12989,0.0
2633,a12990,0.0
2634,a12993,0.0
2635,a12995,0.0
2636,a12997,0.0
2637,a12998,0.0
2638,a13002,0.0
2639,a13006,0.0
2640,a13008,0.0
2641,a13016,0.0
2642,a13036,0.0
2643,a13037,0.0
2644,a13038,0.0
2645,a13041,1.0
2646,a13043,0.0
2647,a13044,0.0
2648,a13045,0.0
2649,a13046,0.0
2650,a13048,0.0
2651,a13049,0.0
2652,a13055,1.0
2653,a13058,0.0
2654,a13060,0.0
2655,a13061,0.0
2656,a13062,1.0
2657,a13065,0.0
2658,a13066,0.0
2659,a13072,0.0
2660,a13074,0.0
2661,a13075,0.0
2662,a13086,0.0
2663,a13093,0.0
2664,a13096,0.0
2665,a13099,0.0
2666,a13100,0.0
2667,a13101,0.0
2668,a13105,0.0
2669,a13107,0.0
2670,a13108,0.0
2671,a13109,0.0
2672,a13114,0.0
2673,a13117,0.0
2674,a13118,0.0
2675,a13121,0.0
2676,a13127,0.0
2677,a13130,1.0
2678,a13133,0.0
2679,a13139,0.0
2680,a13146,0.0
2681,a13152,0.0
2682,a13165,0.0
2683,a13167,0.0
2684,a13174,0.0
2685,a13181,0.0
2686,a13186,0.0
2687,a13190,0.0
2688,a13192,0.0
2689,a13195,0.0
2690,a13197,0.0
2691,a13199,0.0
2692,a13206,0.0
2693,a13208,0.0
2694,a13209,0.0
2695,a13210,0.0
2696,a13211,0.0
2697,a13214,0.0
2698,a13230,0.0
2699,a13234,0.0
2700,a13235,0.0
2701,a13236,0.0
2702,a13240,0.0
2703,a13241,0.0
2704,a13244,0.0
2705,a13245,0.0
2706,a13251,0.0
2707,a13255,0.0
2708,a13256,0.0
2709,a13259,0.0
2710,a13264,1.0
2711,a13268,0.0
2712,a13269,0.0
2713,a13270,1.0
2714,a13273,0.0
2715,a13275,0.0
2716,a13279,0.0
2717,a13282,0.0
2718,a13286,0.0
2719,a13288,0.0
2720,a13292,0.0
2721,a13300,0.0
2722,a13302,0.0
2723,a13304,0.0
2724,a13313,0.0
2725,a13319,1.0
2726,a13326,0.0
2727,a13328,0.0
2728,a13329,0.0
2729,a13333,0.0
2730,a13338,0.0
2731,a13342,0.0
2732,a13357,0.0
2733,a13363,0.0
2734,a13364,0.0
2735,a13379,0.0
2736,a13390,0.0
2737,a13391,0.0
2738,a13393,0.0
2739,a13395,0.0
2740,a13397,0.0
2741,a13403,1.0
2742,a13404,0.0
2743,a13410,0.0
2744,a13415,0.0
2745,a13416,0.0
2746,a13422,0.0
2747,a13424,0.0
2748,a13425,0.0
2749,a13428,0.0
2750,a13431,0.0
2751,a13433,0.0
2752,a13434,0.0
2753,a13440,0.0
2754,a13442,1.0
2755,a13447,0.0
2756,a13451,0.0
2757,a13455,0.0
2758,a13457,0.0
2759,a13462,0.0
2760,a13466,1.0
2761,a13471,0.0
2762,a13480,0.0
2763,a13488,0.0
2764,a13493,0.0
2765,a13495,0.0
2766,a13506,0.0
2767,a13518,0.0
2768,a13519,0.0
2769,a13522,0.0
2770,a13543,0.0
2771,a13545,0.0
2772,a13546,0.0
2773,a13549,0.0
2774,a13550,0.0
2775,a13552,0.0
2776,a13557,0.0
2777,a13560,0.0
2778,a13569,0.0
2779,a13580,0.0
2780,a13582,0.0
2781,a13583,0.0
2782,a13592,0.0
2783,a13601,0.0
2784,a13602,0.0
2785,a13605,0.0
2786,a13617,1.0
2787,a13619,0.0
2788,a13622,0.0
2789,a13628,0.0
2790,a13629,0.0
2791,a13632,0.0
2792,a13633,0.0
2793,a13654,1.0
2794,a13657,0.0
2795,a13666,0.0
2796,a13667,0.0
2797,a13671,0.0
2798,a13678,0.0
2799,a13685,0.0
2800,a13691,1.0
2801,a13697,0.0
2802,a13701,0.0
2803,a13702,0.0
2804,a13708,0.0
2805,a13714,1.0
2806,a13718,0.0
2807,a13719,0.0
2808,a13733,0.0
2809,a13736,0.0
2810,a13737,0.0
2811,a13738,0.0
2812,a13748,0.0
2813,a13752,0.0
2814,a13756,0.0
2815,a13763,0.0
2816,a13767,0.0
2817,a13768,0.0
2818,a13769,1.0
2819,a13770,0.0
2820,a13784,0.0
2821,a13798,0.0
2822,a13801,0.0
2823,a13806,0.0
2824,a13812,0.0
2825,a13824,0.0
2826,a13826,0.0
2827,a13828,0.0
2828,a13830,0.0
2829,a13836,0.0
2830,a13840,0.0
2831,a13846,0.0
2832,a13849,0.0
2833,a13866,0.0
2834,a13870,0.0
2835,a13871,0.0
2836,a13874,0.0
2837,a13879,0.0
2838,a13886,0.0
2839,a13890,0.0
2840,a13900,0.0
2841,a13901,1.0
2842,a13903,0.0
2843,a13906,0.0
2844,a13908,0.0
2845,a13909,0.0
2846,a13910,0.0
2847,a13932,0.0
2848,a13934,0.0
2849,a13936,0.0
2850,a13937,0.0
2851,a13943,0.0
2852,a13945,0.0
2853,a13951,0.0
2854,a13957,0.0
2855,a13968,0.0
2856,a13983,0.0
2857,a13987,0.0
2858,a13991,0.0
2859,a13995,0.0
2860,a13998,0.0
2861,a14001,0.0
2862,a14003,0.0
2863,a14010,1.0
2864,a14020,0.0
2865,a14028,0.0
2866,a14034,0.0
2867,a14040,0.0
2868,a14044,0.0
2869,a14052,0.0
2870,a14054,0.0
2871,a14064,0.0
2872,a14067,0.0
2873,a14070,0.0
2874,a14078,0.0
2875,a14088,0.0
2876,a14089,1.0
2877,a14091,0.0
2878,a14100,0.0
2879,a14101,0.0
2880,a14106,0.0
2881,a14108,0.0
2882,a14111,0.0
2883,a14120,0.0
2884,a14124,0.0
2885,a14125,0.0
2886,a14127,0.0
2887,a14132,0.0
2888,a14138,0.0
2889,a14149,0.0
2890,a14156,0.0
2891,a14159,0.0
2892,a14167,0.0
2893,a14173,0.0
2894,a14175,0.0
2895,a14181,0.0
2896,a14186,0.0
2897,a14195,0.0
2898,a14196,0.0
2899,a14197,0.0
2900,a14198,0.0
2901,a14208,0.0
2902,a14211,0.0
2903,a14212,0.0
2904,a14219,0.0
2905,a14225,0.0
2906,a14228,0.0
2907,a14229,0.0
2908,a14232,0.0
2909,a14233,0.0
2910,a14238,0.0
2911,a14246,0.0
2912,a14247,0.0
2913,a14248,0.0
2914,a14253,0.0
2915,a14255,0.0
2916,a14261,0.0
2917,a14268,0.0
2918,a14270,0.0
2919,a14271,0.0
2920,a14280,0.0
2921,a14282,0.0
2922,a14285,0.0
2923,a14286,0.0
2924,a14300,0.0
2925,a14307,0.0
2926,a14322,0.0
2927,a14324,0.0
2928,a14333,0.0
2929,a14354,0.0
2930,a14363,0.0
2931,a14372,0.0
2932,a14376,0.0
2933,a14389,0.0
2934,a14397,0.0
2935,a14400,0.0
2936,a14406,0.0
2937,a14407,0.0
2938,a14430,0.0
2939,a14442,0.0
2940,a14443,0.0
2941,a14460,0.0
2942,a14462,1.0
2943,a14464,0.0
2944,a14465,0.0
2945,a14471,0.0
2946,a14473,0.0
2947,a14479,1.0
2948,a14481,0.0
2949,a14487,0.0
2950,a14490,0.0
2951,a14493,0.0
2952,a14503,0.0
2953,a14506,0.0
2954,a14511,0.0
2955,a14513,0.0
2956,a14518,0.0
2957,a14540,0.0
2958,a14544,0.0
2959,a14552,0.0
2960,a14556,0.0
2961,a14560,0.0
2962,a14563,0.0
2963,a14565,0.0
2964,a14566,0.0
2965,a14589,0.0
2966,a14590,0.0
2967,a14600,0.0
2968,a14606,0.0
2969,a14617,0.0
2970,a14620,0.0
2971,a14623,0.0
2972,a14624,0.0
2973,a14628,0.0
2974,a14633,0.0
2975,a14635,0.0
2976,a14644,0.0
2977,a14645,0.0
2978,a14647,0.0
2979,a14665,0.0
2980,a14669,0.0
2981,a14672,0.0
2982,a14675,0.0
2983,a14696,0.0
2984,a14705,0.0
2985,a14724,0.0
2986,a14726,0.0
2987,a14735,0.0
2988,a14747,0.0
2989,a14749,0.0
2990,a14764,0.0
2991,a14765,0.0
2992,a14767,0.0
2993,a14775,0.0
2994,a14777,0.0
2995,a14784,0.0
2996,a14787,0.0
2997,a14789,0.0
2998,a14797,0.0
2999,a14801,0.0
3000,a14805,0.0
3001,a14810,0.0
3002,a14817,0.0
3003,a14821,0.0
3004,a14832,0.0
3005,a14839,0.0
3006,a14842,0.0
3007,a14850,0.0
3008,a14863,0.0
3009,a14864,1.0
3010,a14874,0.0
3011,a14878,0.0
3012,a14883,0.0
3013,a14887,0.0
3014,a14889,1.0
3015,a14898,0.0
3016,a14904,0.0
3017,a14905,0.0
3018,a14907,0.0
3019,a14909,0.0
3020,a14913,0.0
3021,a14924,0.0
3022,a14927,0.0
3023,a14936,1.0
3024,a14939,0.0
3025,a14941,0.0
3026,a14952,0.0
3027,a14966,0.0
3028,a14970,0.0
3029,a14971,0.0
3030,a14975,0.0
3031,a14980,0.0
3032,a14981,0.0
3033,a14987,0.0
3034,a14988,0.0
3035,a14993,1.0
3036,a15004,0.0
3037,a15006,0.0
3038,a15016,0.0
3039,a15017,1.0
3040,a15018,0.0
3041,a15022,0.0
3042,a15032,0.0
3043,a15035,0.0
3044,a15040,0.0
3045,a15046,0.0
3046,a15060,0.0
3047,a15065,0.0
3048,a15067,0.0
3049,a15068,0.0
3050,a15069,0.0
3051,a15081,0.0
3052,a15083,0.0
3053,a15088,0.0
3054,a15089,1.0
3055,a15096,0.0
3056,a15098,0.0
3057,a15107,0.0
3058,a15108,0.0
3059,a15126,0.0
3060,a15128,0.0
3061,a15132,0.0
3062,a15141,0.0
3063,a15145,0.0
3064,a15148,0.0
3065,a15149,0.0
3066,a15152,0.0
3067,a15159,0.0
3068,a15168,0.0
3069,a15169,0.0
3070,a15170,0.0
3071,a15171,0.0
3072,a15178,0.0
3073,a15181,0.0
3074,a15183,0.0
3075,a15184,0.0
3076,a15185,0.0
3077,a15186,0.0
3078,a15189,0.0
3079,a15192,0.0
3080,a15197,0.0
3081,a15202,0.0
3082,a15206,0.0
3083,a15239,0.0
3084,a15243,0.0
3085,a15258,0.0
3086,a15259,0.0
3087,a15260,0.0
3088,a15278,0.0
3089,a15297,0.0
3090,a15308,0.0
3091,a15318,0.0
3092,a15320,0.0
3093,a15321,0.0
3094,a15323,0.0
3095,a15325,0.0
3096,a15329,0.0
3097,a15337,0.0
3098,a15339,0.0
3099,a15340,0.0
3100,a15353,1.0
3101,a15355,0.0
3102,a15358,1.0
3103,a15360,0.0
3104,a15365,0.0
3105,a15376,0.0
3106,a15380,0.0
3107,a15385,1.0
3108,a15386,0.0
3109,a15389,0.0
3110,a15392,0.0
3111,a15395,1.0
3112,a15396,0.0
3113,a15402,0.0
3114,a15407,0.0
3115,a15422,0.0
3116,a15426,0.0
3117,a15431,0.0
3118,a15437,0.0
3119,a15438,0.0
3120,a15443,0.0
3121,a15446,0.0
3122,a15452,0.0
3123,a15459,0.0
3124,a15461,0.0
3125,a15477,1.0
3126,a15486,1.0
3127,a15492,1.0
3128,a15504,0.0
3129,a15506,0.0
3130,a15507,0.0
3131,a15512,0.0
3132,a15514,0.0
3133,a15521,0.0
3134,a15524,0.0
3135,a15529,0.0
3136,a15532,0.0
3137,a15533,0.0
3138,a15535,0.0
3139,a15538,0.0
3140,a15540,0.0
3141,a15549,0.0
3142,a15555,0.0
3143,a15561,0.0
3144,a15568,0.0
3145,a15571,0.0
3146,a15576,0.0
3147,a15580,0.0
3148,a15585,0.0
3149,a15593,0.0
3150,a15595,0.0
3151,a15600,0.0
3152,a15605,0.0
3153,a15633,0.0
3154,a15637,0.0
3155,a15640,0.0
3156,a15641,0.0
3157,a15644,0.0
3158,a15649,0.0
3159,a15668,0.0
3160,a15671,0.0
3161,a15692,0.0
3162,a15697,0.0
3163,a15703,1.0
3164,a15717,0.0
3165,a15720,0.0
3166,a15734,0.0
3167,a15737,0.0
3168,a15747,0.0
3169,a15748,0.0
3170,a15749,0.0
3171,a15750,0.0
3172,a15756,0.0
3173,a15757,0.0
3174,a15760,0.0
3175,a15766,0.0
3176,a15767,0.0
3177,a15770,0.0
3178,a15773,0.0
3179,a15784,0.0
3180,a15785,0.0
3181,a15786,0.0
3182,a15790,0.0
3183,a15793,0.0
3184,a15799,0.0
3185,a15800,0.0
3186,a15802,0.0
3187,a15809,0.0
3188,a15815,0.0
3189,a15816,0.0
3190,a15818,0.0
3191,a15822,0.0
3192,a15823,0.0
3193,a15825,0.0
3194,a15826,0.0
3195,a15828,0.0
3196,a15830,0.0
3197,a15833,1.0
3198,a15840,0.0
3199,a15842,0.0
3200,a15843,0.0
3201,a15852,0.0
3202,a15863,0.0
3203,a15864,0.0
3204,a15866,0.0
3205,a15872,0.0
3206,a15876,0.0
3207,a15881,0.0
3208,a15884,0.0
3209,a15888,0.0
3210,a15889,0.0
3211,a15890,0.0
3212,a15892,1.0
3213,a15894,0.0
3214,a15895,0.0
3215,a15896,0.0
3216,a15899,0.0
3217,a15905,0.0
3218,a15908,0.0
3219,a15915,0.0
3220,a15917,0.0
3221,a15919,0.0
3222,a15920,0.0
3223,a15931,0.0
3224,a15933,0.0
3225,a15935,0.0
3226,a15939,0.0
3227,a15941,0.0
3228,a15954,0.0
3229,a15955,0.0
3230,a15970,0.0
3231,a15971,0.0
3232,a15977,0.0
3233,a15984,0.0
3234,a15996,0.0
3235,a16001,0.0
3236,a16006,0.0
3237,a16015,0.0
3238,a16030,1.0
3239,a16031,0.0
3240,a16034,0.0
3241,a16037,0.0
3242,a16038,0.0
3243,a16039,0.0
3244,a16040,0.0
3245,a16042,0.0
3246,a16050,0.0
3247,a16053,0.0
3248,a16057,0.0
3249,a16069,0.0
3250,a16072,0.0
3251,a16076,0.0
3252,a16077,1.0
3253,a16085,0.0
3254,a16086,0.0
3255,a16087,0.0
3256,a16092,0.0
3257,a16098,0.0
3258,a16102,0.0
3259,a16104,0.0
3260,a16111,0.0
3261,a16119,1.0
3262,a16124,0.0
3263,a16125,0.0
3264,a16130,1.0
3265,a16132,1.0
3266,a16136,0.0
3267,a16137,1.0
3268,a16140,0.0
3269,a16150,0.0
3270,a16154,0.0
3271,a16170,0.0
3272,a16173,0.0
3273,a16174,0.0
3274,a16175,0.0
3275,a16178,0.0
3276,a16195,0.0
3277,a16201,0.0
3278,a16251,0.0
3279,a16254,1.0
3280,a16255,0.0
3281,a16258,0.0
3282,a16268,0.0
3283,a16271,1.0
3284,a16272,0.0
3285,a16274,0.0
3286,a16278,0.0
3287,a16286,0.0
3288,a16288,0.0
3289,a16289,0.0
3290,a16295,0.0
3291,a16296,0.0
3292,a16298,0.0
3293,a16303,0.0
3294,a16318,0.0
3295,a16322,0.0
3296,a16323,0.0
3297,a16329,0.0
3298,a16330,0.0
3299,a16344,0.0
3300,a16351,0.0
3301,a16354,0.0
3302,a16357,1.0
3303,a16363,0.0
3304,a16364,1.0
3305,a16374,0.0
3306,a16375,1.0
3307,a16383,1.0
3308,a16384,0.0
3309,a16390,0.0
3310,a16394,0.0
3311,a16395,0.0
3312,a16397,0.0
3313,a16399,0.0
3314,a16401,0.0
3315,a16404,0.0
3316,a16405,0.0
3317,a16409,0.0
3318,a16420,0.0
3319,a16424,0.0
3320,a16426,0.0
3321,a16427,1.0
3322,a16435,0.0
3323,a16437,0.0
3324,a16438,0.0
3325,a16441,0.0
3326,a16453,0.0
3327,a16476,0.0
3328,a16482,0.0
3329,a16486,0.0
3330,a16487,0.0
3331,a16488,1.0
3332,a16498,0.0
3333,a16499,0.0
3334,a16501,0.0
3335,a16509,0.0
3336,a16518,0.0
3337,a16520,0.0
3338,a16528,0.0
3339,a16533,0.0
3340,a16539,0.0
3341,a16541,0.0
3342,a16543,0.0
3343,a16548,0.0
3344,a16555,0.0
3345,a16557,0.0
3346,a16568,0.0
3347,a16570,0.0
3348,a16579,0.0
3349,a16580,0.0
3350,a16582,0.0
3351,a16587,0.0
3352,a16590,0.0
3353,a16594,0.0
3354,a16598,0.0
3355,a16605,1.0
3356,a16606,0.0
3357,a16608,0.0
3358,a16613,0.0
3359,a16616,0.0
3360,a16620,0.0
3361,a16622,0.0
3362,a16631,0.0
3363,a16634,0.0
3364,a16639,0.0
3365,a16645,0.0
3366,a16658,0.0
3367,a16667,0.0
3368,a16671,0.0
3369,a16673,0.0
3370,a16675,0.0
3371,a16681,1.0
3372,a16682,0.0
3373,a16683,0.0
3374,a16684,0.0
3375,a16691,0.0
3376,a16701,0.0
3377,a16705,0.0
3378,a16713,0.0
3379,a16725,0.0
3380,a16726,0.0
3381,a16730,0.0
3382,a16732,0.0
3383,a16744,0.0
3384,a16746,0.0
3385,a16757,0.0
3386,a16761,0.0
3387,a16762,0.0
3388,a16766,0.0
3389,a16768,0.0
3390,a16775,0.0
3391,a16794,0.0
3392,a16795,0.0
3393,a16801,0.0
3394,a16822,0.0
3395,a16830,0.0
3396,a16833,0.0
3397,a16835,0.0
3398,a16836,0.0
3399,a16849,0.0
3400,a16854,1.0
3401,a16858,1.0
3402,a16860,0.0
3403,a16864,0.0
3404,a16874,0.0
3405,a16877,0.0
3406,a16881,0.0
3407,a16883,0.0
3408,a16889,0.0
3409,a16894,0.0
3410,a16895,0.0
3411,a16896,0.0
3412,a16897,0.0
3413,a16902,0.0
3414,a16903,0.0
3415,a16904,0.0
3416,a16907,0.0
3417,a16909,0.0
3418,a16917,0.0
3419,a16920,0.0
3420,a16921,0.0
3421,a16925,0.0
3422,a16926,0.0
3423,a16928,0.0
3424,a16942,0.0
3425,a16947,0.0
3426,a16955,0.0
3427,a16961,0.0
3428,a16972,0.0
3429,a16987,1.0
3430,a16989,0.0
3431,a16991,0.0
3432,a16993,0.0
3433,a17002,0.0
3434,a17012,0.0
3435,a17017,0.0
3436,a17030,0.0
3437,a17031,0.0
3438,a17033,0.0
3439,a17039,1.0
3440,a17041,0.0
3441,a17045,0.0
3442,a17051,0.0
3443,a17055,0.0
3444,a17058,0.0
3445,a17059,0.0
3446,a17060,0.0
3447,a17061,0.0
3448,a17062,0.0
3449,a17065,0.0
3450,a17070,0.0
3451,a17073,0.0
3452,a17080,0.0
3453,a17085,0.0
3454,a17086,0.0
3455,a17094,0.0
3456,a17096,0.0
3457,a17097,0.0
3458,a17098,1.0
3459,a17099,0.0
3460,a17100,0.0
3461,a17103,0.0
3462,a17104,0.0
3463,a17107,0.0
3464,a17114,1.0
3465,a17121,0.0
3466,a17127,0.0
3467,a17132,0.0
3468,a17133,0.0
3469,a17152,0.0
3470,a17157,0.0
3471,a17158,0.0
3472,a17161,0.0
3473,a17164,0.0
3474,a17171,0.0
3475,a17173,0.0
3476,a17175,0.0
3477,a17186,0.0
3478,a17201,0.0
3479,a17206,0.0
3480,a17228,0.0
3481,a17230,0.0
3482,a17240,0.0
3483,a17246,0.0
3484,a17248,0.0
3485,a17260,0.0
3486,a17266,0.0
3487,a17280,1.0
3488,a17284,0.0
3489,a17287,0.0
3490,a17289,0.0
3491,a17291,0.0
3492,a17297,0.0
3493,a17303,0.0
3494,a17305,0.0
3495,a17307,0.0
3496,a17311,0.0
3497,a17316,0.0
3498,a17319,0.0
3499,a17322,0.0
3500,a17324,0.0
3501,a17344,0.0
3502,a17346,0.0
3503,a17354,1.0
3504,a17360,0.0
3505,a17361,0.0
3506,a17363,0.0
3507,a17374,0.0
3508,a17375,0.0
3509,a17376,0.0
3510,a17383,0.0
3511,a17394,1.0
3512,a17400,0.0
3513,a17401,0.0
3514,a17406,1.0
3515,a17426,1.0
3516,a17438,0.0
3517,a17442,0.0
3518,a17446,0.0
3519,a17448,0.0
3520,a17465,0.0
3521,a17467,0.0
3522,a17469,0.0
3523,a17472,0.0
3524,a17474,0.0
3525,a17479,0.0
3526,a17483,0.0
3527,a17485,0.0
3528,a17494,0.0
3529,a17501,0.0
3530,a17517,0.0
3531,a17519,0.0
3532,a17531,1.0
3533,a17540,0.0
3534,a17552,0.0
3535,a17561,0.0
3536,a17570,0.0
3537,a17571,0.0
3538,a17581,0.0
3539,a17582,0.0
3540,a17584,0.0
3541,a17585,0.0
3542,a17590,0.0
3543,a17596,0.0
3544,a17598,0.0
3545,a17600,0.0
3546,a17601,0.0
3547,a17613,0.0
3548,a17620,0.0
3549,a17631,0.0
3550,a17635,0.0
3551,a17651,0.0
3552,a17653,0.0
3553,a17655,0.0
3554,a17661,0.0
3555,a17663,0.0
3556,a17673,0.0
3557,a17675,0.0
3558,a17678,0.0
3559,a17681,0.0
3560,a17682,0.0
3561,a17684,0.0
3562,a17685,0.0
3563,a17689,0.0
3564,a17690,0.0
3565,a17698,0.0
3566,a17702,0.0
3567,a17703,0.0
3568,a17708,0.0
3569,a17716,0.0
3570,a17717,1.0
3571,a17726,1.0
3572,a17727,0.0
3573,a17732,0.0
3574,a17736,0.0
3575,a17739,0.0
3576,a17742,0.0
3577,a17743,0.0
3578,a17744,0.0
3579,a17746,0.0
3580,a17766,0.0
3581,a17773,0.0
3582,a17776,0.0
3583,a17782,0.0
3584,a17784,0.0
3585,a17786,1.0
3586,a17787,0.0
3587,a17792,0.0
3588,a17793,0.0
3589,a17807,0.0
3590,a17813,0.0
3591,a17817,0.0
3592,a17822,0.0
3593,a17827,0.0
3594,a17828,0.0
3595,a17838,0.0
3596,a17839,0.0
3597,a17842,0.0
3598,a17844,0.0
3599,a17860,1.0
3600,a17862,0.0
3601,a17867,0.0
3602,a17868,0.0
3603,a17869,0.0
3604,a17871,0.0
3605,a17876,0.0
3606,a17881,0.0
3607,a17891,0.0
3608,a17894,0.0
3609,a17895,0.0
3610,a17897,0.0
3611,a17900,1.0
3612,a17904,0.0
3613,a17911,0.0
3614,a17912,0.0
3615,a17913,0.0
3616,a17920,0.0
3617,a17927,0.0
3618,a17930,0.0
3619,a17931,0.0
3620,a17932,1.0
3621,a17934,0.0
3622,a17940,1.0
3623,a17948,0.0
3624,a17952,0.0
3625,a17953,0.0
3626,a17954,0.0
3627,a17968,0.0
3628,a17969,0.0
3629,a17975,0.0
3630,a17980,1.0
3631,a17996,0.0
3632,a18003,0.0
3633,a18004,0.0
3634,a18011,0.0
3635,a18014,0.0
3636,a18018,0.0
3637,a18021,0.0
3638,a18026,0.0
3639,a18033,0.0
3640,a18034,0.0
3641,a18036,0.0
3642,a18041,0.0
3643,a18048,0.0
3644,a18049,0.0
3645,a18052,0.0
3646,a18056,0.0
3647,a18063,0.0
3648,a18075,0.0
3649,a18076,0.0
3650,a18081,0.0
3651,a18082,0.0
3652,a18084,0.0
3653,a18086,0.0
3654,a18091,0.0
3655,a18092,1.0
3656,a18094,0.0
3657,a18095,0.0
3658,a18096,0.0
3659,a18100,1.0
3660,a18101,0.0
3661,a18107,0.0
3662,a18115,0.0
3663,a18122,1.0
3664,a18123,0.0
3665,a18130,0.0
3666,a18131,0.0
3667,a18134,0.0
3668,a18135,0.0
3669,a18138,0.0
3670,a18148,0.0
3671,a18154,0.0
3672,a18155,1.0
3673,a18156,0.0
3674,a18160,0.0
3675,a18163,0.0
3676,a18166,0.0
3677,a18176,0.0
3678,a18177,0.0
3679,a18178,0.0
3680,a18193,0.0
3681,a18196,0.0
3682,a18204,0.0
3683,a18206,0.0
3684,a18214,0.0
3685,a18215,0.0
3686,a18216,0.0
3687,a18218,0.0
3688,a18224,0.0
3689,a18229,0.0
3690,a18230,0.0
3691,a18235,0.0
3692,a18238,0.0
3693,a18242,0.0
3694,a18243,0.0
3695,a18248,1.0
3696,a18257,1.0
3697,a18261,0.0
3698,a18263,0.0
3699,a18270,0.0
3700,a18275,0.0
3701,a18282,0.0
3702,a18283,0.0
3703,a18284,0.0
3704,a18288,1.0
3705,a18301,0.0
3706,a18303,0.0
3707,a18306,0.0
3708,a18314,0.0
3709,a18316,0.0
3710,a18325,0.0
3711,a18327,1.0
3712,a18332,0.0
3713,a18338,0.0
3714,a18340,0.0
3715,a18344,0.0
3716,a18347,0.0
3717,a18352,0.0
3718,a18354,1.0
3719,a18355,0.0
3720,a18358,0.0
3721,a18366,0.0
3722,a18372,1.0
3723,a18373,0.0
3724,a18374,1.0
3725,a18378,0.0
3726,a18381,0.0
3727,a18387,0.0
3728,a18388,0.0
3729,a18395,0.0
3730,a18398,0.0
3731,a18400,0.0
3732,a18412,0.0
3733,a18418,0.0
3734,a18419,0.0
3735,a18424,1.0
3736,a18430,0.0
3737,a18435,0.0
3738,a18436,0.0
3739,a18438,0.0
3740,a18440,0.0
3741,a18451,0.0
3742,a18455,0.0
3743,a18457,0.0
3744,a18461,0.0
3745,a18464,0.0
3746,a18467,0.0
3747,a18477,0.0
3748,a18482,0.0
3749,a18489,0.0
3750,a18500,0.0
3751,a18505,0.0
3752,a18514,0.0
3753,a18518,0.0
3754,a18521,0.0
3755,a18522,0.0
3756,a18528,0.0
3757,a18532,0.0
3758,a18533,0.0
3759,a18541,0.0
3760,a18551,0.0
3761,a18554,1.0
3762,a18558,0.0
3763,a18560,0.0
3764,a18563,0.0
3765,a18564,0.0
3766,a18568,0.0
3767,a18570,1.0
3768,a18576,1.0
3769,a18580,0.0
3770,a18581,0.0
3771,a18584,0.0
3772,a18587,0.0
3773,a18589,0.0
3774,a18616,0.0
3775,a18621,0.0
3776,a18625,0.0
3777,a18629,0.0
3778,a18635,0.0
3779,a18637,0.0
3780,a18639,0.0
3781,a18645,0.0
3782,a18647,0.0
3783,a18649,0.0
3784,a18660,0.0
3785,a18663,0.0
3786,a18667,0.0
3787,a18669,0.0
3788,a18673,0.0
3789,a18674,0.0
3790,a18677,0.0
3791,a18693,0.0
3792,a18695,0.0
3793,a18698,0.0
3794,a18700,0.0
3795,a18713,0.0
3796,a18716,0.0
3797,a18718,0.0
3798,a18720,0.0
3799,a18721,0.0
3800,a18723,0.0
3801,a18726,0.0
3802,a18732,0.0
3803,a18734,0.0
3804,a18738,0.0
3805,a18748,0.0
3806,a18753,0.0
3807,a18770,0.0
3808,a18775,0.0
3809,a18776,0.0
3810,a18777,0.0
3811,a18779,0.0
3812,a18788,0.0
3813,a18791,0.0
3814,a18803,1.0
3815,a18805,0.0
3816,a18807,1.0
3817,a18812,0.0
3818,a18814,0.0
3819,a18823,0.0
3820,a18826,0.0
3821,a18828,0.0
3822,a18832,0.0
3823,a18835,0.0
3824,a18838,0.0
3825,a18841,0.0
3826,a18851,1.0
3827,a18854,0.0
3828,a18866,0.0
3829,a18867,0.0
3830,a18871,0.0
3831,a18875,0.0
3832,a18885,0.0
3833,a18895,0.0
3834,a18898,0.0
3835,a18902,0.0
3836,a18903,0.0
3837,a18909,0.0
3838,a18910,0.0
3839,a18914,0.0
3840,a18915,0.0
3841,a18918,0.0
3842,a18926,0.0
3843,a18932,0.0
3844,a18938,0.0
3845,a18939,0.0
3846,a18941,0.0
3847,a18942,0.0
3848,a18949,0.0
3849,a18950,1.0
3850,a18951,0.0
3851,a18959,0.0
3852,a18966,0.0
3853,a18968,0.0
3854,a18971,0.0
3855,a18976,0.0
3856,a18981,0.0
3857,a18984,0.0
3858,a18986,0.0
3859,a18990,0.0
3860,a18992,0.0
3861,a19005,0.0
3862,a19007,0.0
3863,a19008,0.0
3864,a19009,0.0
3865,a19024,0.0
3866,a19025,0.0
3867,a19027,0.0
3868,a19033,0.0
3869,a19041,0.0
3870,a19046,0.0
3871,a19049,0.0
3872,a19050,0.0
3873,a19051,0.0
3874,a19058,0.0
3875,a19061,0.0
3876,a19068,0.0
3877,a19086,0.0
3878,a19100,0.0
3879,a19113,0.0
3880,a19118,0.0
3881,a19139,0.0
3882,a19142,0.0
3883,a19145,0.0
3884,a19146,0.0
3885,a19149,0.0
3886,a19151,1.0
3887,a19153,0.0
3888,a19160,1.0
3889,a19176,0.0
3890,a19177,0.0
3891,a19179,0.0
3892,a19180,0.0
3893,a19181,0.0
3894,a19182,0.0
3895,a19187,0.0
3896,a19188,0.0
3897,a19205,0.0
3898,a19212,0.0
3899,a19223,0.0
3900,a19226,0.0
3901,a19227,0.0
3902,a19228,0.0
3903,a19232,0.0
3904,a19237,0.0
3905,a19243,0.0
3906,a19248,0.0
3907,a19251,0.0
3908,a19253,0.0
3909,a19255,0.0
3910,a19257,0.0
3911,a19262,0.0
3912,a19265,1.0
3913,a19282,0.0
3914,a19286,0.0
3915,a19287,0.0
3916,a19289,0.0
3917,a19293,0.0
3918,a19294,0.0
3919,a19307,0.0
3920,a19308,0.0
3921,a19315,0.0
3922,a19320,0.0
3923,a19328,0.0
3924,a19329,0.0
3925,a19333,0.0
3926,a19344,0.0
3927,a19345,0.0
3928,a19347,0.0
3929,a19355,0.0
3930,a19357,0.0
3931,a19361,0.0
3932,a19364,0.0
3933,a19376,0.0
3934,a19393,0.0
3935,a19396,1.0
3936,a19399,0.0
3937,a19403,1.0
3938,a19407,0.0
3939,a19411,0.0
3940,a19415,0.0
3941,a19417,0.0
3942,a19418,0.0
3943,a19421,0.0
3944,a19429,0.0
3945,a19433,0.0
3946,a19441,0.0
3947,a19446,1.0
3948,a19450,0.0
3949,a19454,0.0
3950,a19466,0.0
3951,a19468,0.0
3952,a19470,0.0
3953,a19478,0.0
3954,a19479,0.0
3955,a19480,0.0
3956,a19481,0.0
3957,a19489,1.0
3958,a19492,1.0
3959,a19503,0.0
3960,a19511,0.0
3961,a19512,1.0
3962,a19526,0.0
3963,a19527,0.0
3964,a19528,0.0
3965,a19532,0.0
3966,a19540,0.0
3967,a19545,0.0
3968,a19550,0.0
3969,a19552,0.0
3970,a19561,0.0
3971,a19563,0.0
3972,a19565,0.0
3973,a19570,0.0
3974,a19579,0.0
3975,a19590,0.0
3976,a19591,0.0
3977,a19592,1.0
3978,a19594,0.0
3979,a19600,0.0
3980,a19605,0.0
3981,a19613,0.0
3982,a19623,0.0
3983,a19624,0.0
3984,a19627,0.0
3985,a19628,0.0
3986,a19631,0.0
3987,a19633,0.0
3988,a19638,0.0
3989,a19639,0.0
3990,a19641,0.0
3991,a19647,0.0
3992,a19649,0.0
3993,a19657,0.0
3994,a19660,0.0
3995,a19668,0.0
3996,a19669,0.0
3997,a19676,0.0
3998,a19682,0.0
3999,a19690,0.0
4000,a19702,0.0
4001,a19704,0.0
4002,a19706,0.0
4003,a19707,0.0
4004,a19721,0.0
4005,a19725,0.0
4006,a19728,0.0
4007,a19729,0.0
4008,a19732,0.0
4009,a19742,0.0
4010,a19756,0.0
4011,a19758,1.0
4012,a19766,0.0
4013,a19769,0.0
4014,a19772,0.0
4015,a19773,0.0
4016,a19776,0.0
4017,a19777,0.0
4018,a19784,0.0
4019,a19791,0.0
4020,a19794,1.0
4021,a19795,0.0
4022,a19804,0.0
4023,a19818,0.0
4024,a19820,0.0
4025,a19823,0.0
4026,a19824,0.0
4027,a19827,1.0
4028,a19831,0.0
4029,a19838,0.0
4030,a19840,0.0
4031,a19843,0.0
4032,a19846,0.0
4033,a19848,0.0
4034,a19854,0.0
4035,a19856,0.0
4036,a19858,0.0
4037,a19865,0.0
4038,a19882,0.0
4039,a19885,0.0
4040,a19887,0.0
4041,a19889,1.0
4042,a19893,0.0
4043,a19896,0.0
4044,a19897,0.0
4045,a19900,0.0
4046,a19901,0.0
4047,a19906,0.0
4048,a19908,0.0
4049,a19913,0.0
4050,a19914,0.0
4051,a19917,0.0
4052,a19921,0.0
4053,a19928,0.0
4054,a19929,0.0
4055,a19932,0.0
4056,a19934,0.0
4057,a19937,0.0
4058,a19938,0.0
4059,a19941,0.0
4060,a19958,0.0
4061,a19959,0.0
4062,a19960,0.0
4063,a19965,0.0
4064,a19968,0.0
4065,a19972,0.0
4066,a19974,1.0
4067,a19977,0.0
4068,a19978,0.0
4069,a19980,0.0
4070,a19982,0.0
4071,a19986,0.0
4072,a19991,0.0
4073,a20002,0.0
4074,a20004,0.0
4075,a20008,0.0
4076,a20017,0.0
4077,a20020,0.0
4078,a20031,0.0
4079,a20032,0.0
4080,a20037,0.0
4081,a20038,0.0
4082,a20039,0.0
4083,a20040,0.0
4084,a20041,0.0
4085,a20045,0.0
4086,a20048,0.0
4087,a20050,0.0
4088,a20056,0.0
4089,a20059,0.0
4090,a20061,0.0
4091,a20067,0.0
4092,a20071,0.0
4093,a20076,0.0
4094,a20080,0.0
4095,a20081,0.0
4096,a20084,0.0
4097,a20086,0.0
4098,a20088,0.0
4099,a20099,1.0
4100,a20100,0.0
4101,a20102,0.0
4102,a20108,0.0
4103,a20113,0.0
4104,a20118,0.0
4105,a20120,0.0
4106,a20127,0.0
4107,a20142,0.0
4108,a20143,0.0
4109,a20150,0.0
4110,a20172,0.0
4111,a20179,0.0
4112,a20182,0.0
4113,a20184,0.0
4114,a20188,0.0
4115,a20192,1.0
4116,a20193,0.0
4117,a20194,0.0
4118,a20211,0.0
4119,a20220,0.0
4120,a20221,0.0
4121,a20224,0.0
4122,a20235,0.0
4123,a20237,1.0
4124,a20238,0.0
4125,a20239,0.0
4126,a20244,0.0
4127,a20247,0.0
4128,a20253,0.0
4129,a20254,0.0
4130,a20261,0.0
4131,a20271,0.0
4132,a20278,0.0
4133,a20279,0.0
4134,a20280,1.0
4135,a20282,0.0
4136,a20283,0.0
4137,a20295,0.0
4138,a20306,1.0
4139,a20310,0.0
4140,a20319,0.0
4141,a20325,0.0
4142,a20336,0.0
4143,a20346,0.0
4144,a20347,0.0
4145,a20355,1.0
4146,a20357,0.0
4147,a20358,0.0
4148,a20360,0.0
4149,a20367,1.0
4150,a20374,0.0
4151,a20376,0.0
4152,a20383,1.0
4153,a20384,0.0
4154,a20390,0.0
4155,a20391,0.0
4156,a20400,0.0
4157,a20402,0.0
4158,a20405,0.0
4159,a20408,0.0
4160,a20422,0.0
4161,a20424,0.0
4162,a20425,1.0
4163,a20427,0.0
4164,a20428,0.0
4165,a20429,0.0
4166,a20435,0.0
4167,a20442,0.0
4168,a20446,0.0
4169,a20452,0.0
4170,a20454,0.0
4171,a20455,0.0
4172,a20458,0.0
4173,a20470,0.0
4174,a20472,1.0
4175,a20482,0.0
4176,a20485,0.0
4177,a20502,0.0
4178,a20505,0.0
4179,a20507,0.0
4180,a20510,0.0
4181,a20511,0.0
4182,a20513,0.0
4183,a20514,0.0
4184,a20515,0.0
4185,a20516,0.0
4186,a20520,0.0
4187,a20524,1.0
4188,a20530,0.0
4189,a20534,0.0
4190,a20535,0.0
4191,a20539,0.0
4192,a20543,0.0
4193,a20546,0.0
4194,a20547,0.0
4195,a20556,1.0
4196,a20557,0.0
4197,a20569,0.0
4198,a20574,0.0
4199,a20575,0.0
4200,a20580,0.0
4201,a20583,0.0
4202,a20587,0.0
4203,a20597,0.0
4204,a20608,0.0
4205,a20611,1.0
4206,a20623,0.0
4207,a20628,0.0
4208,a20630,0.0
4209,a20638,0.0
4210,a20647,0.0
4211,a20651,0.0
4212,a20665,0.0
4213,a20666,0.0
4214,a20670,0.0
4215,a20671,0.0
4216,a20672,0.0
4217,a20674,0.0
4218,a20682,0.0
4219,a20684,0.0
4220,a20689,0.0
4221,a20694,0.0
4222,a20696,0.0
4223,a20705,0.0
4224,a20711,0.0
4225,a20713,1.0
4226,a20715,0.0
4227,a20721,0.0
4228,a20722,0.0
4229,a20723,0.0
4230,a20753,0.0
4231,a20762,0.0
4232,a20765,0.0
4233,a20770,1.0
4234,a20773,0.0
4235,a20783,0.0
4236,a20785,0.0
4237,a20793,0.0
4238,a20795,0.0
4239,a20800,0.0
4240,a20807,0.0
4241,a20811,0.0
4242,a20813,0.0
4243,a20817,0.0
4244,a20819,0.0
4245,a20821,0.0
4246,a20822,0.0
4247,a20823,0.0
4248,a20845,0.0
4249,a20858,0.0
4250,a20864,0.0
4251,a20867,0.0
4252,a20868,0.0
4253,a20876,0.0
4254,a20878,0.0
4255,a20883,0.0
4256,a20885,0.0
4257,a20886,0.0
4258,a20892,0.0
4259,a20893,0.0
4260,a20907,0.0
4261,a20908,0.0
4262,a20913,0.0
4263,a20915,0.0
4264,a20920,0.0
4265,a20928,0.0
4266,a20929,0.0
4267,a20930,0.0
4268,a20932,0.0
4269,a20943,0.0
4270,a20944,0.0
4271,a20946,0.0
4272,a20950,0.0
4273,a20951,1.0
4274,a20955,1.0
4275,a20959,0.0
4276,a20960,0.0
4277,a20962,0.0
4278,a20965,0.0
4279,a20969,0.0
4280,a20977,0.0
4281,a20978,0.0
4282,a20982,0.0
4283,a20986,0.0
4284,a20989,1.0
4285,a20998,0.0
4286,a21001,0.0
4287,a21002,0.0
4288,a21011,0.0
4289,a21037,0.0
4290,a21052,0.0
4291,a21056,0.0
4292,a21060,0.0
4293,a21061,0.0
4294,a21064,0.0
4295,a21065,0.0
4296,a21066,0.0
4297,a21070,1.0
4298,a21072,0.0
4299,a21080,0.0
4300,a21081,1.0
4301,a21100,0.0
4302,a21101,0.0
4303,a21107,0.0
4304,a21108,0.0
4305,a21110,0.0
4306,a21112,0.0
4307,a21121,0.0
4308,a21122,0.0
4309,a21125,0.0
4310,a21133,0.0
4311,a21143,0.0
4312,a21146,0.0
4313,a21155,0.0
4314,a21160,0.0
4315,a21166,0.0
4316,a21179,0.0
4317,a21180,0.0
4318,a21186,0.0
4319,a21188,1.0
4320,a21191,0.0
4321,a21196,0.0
4322,a21201,0.0
4323,a21204,0.0
4324,a21210,0.0
4325,a21211,0.0
4326,a21218,0.0
4327,a21219,0.0
4328,a21222,0.0
4329,a21223,0.0
4330,a21224,0.0
4331,a21229,0.0
4332,a21233,1.0
4333,a21238,1.0
4334,a21253,0.0
4335,a21254,0.0
4336,a21262,1.0
4337,a21263,1.0
4338,a21266,0.0
4339,a21268,0.0
4340,a21270,0.0
4341,a21282,0.0
4342,a21283,0.0
4343,a21287,0.0
4344,a21292,0.0
4345,a21293,0.0
4346,a21296,0.0
4347,a21314,0.0
4348,a21315,1.0
4349,a21317,0.0
4350,a21319,0.0
4351,a21320,1.0
4352,a21326,0.0
4353,a21328,0.0
4354,a21330,0.0
4355,a21331,0.0
4356,a21334,0.0
4357,a21342,0.0
4358,a21343,0.0
4359,a21352,0.0
4360,a21355,0.0
4361,a21360,0.0
4362,a21364,1.0
4363,a21370,1.0
4364,a21376,0.0
4365,a21380,0.0
4366,a21382,0.0
4367,a21392,0.0
4368,a21407,0.0
4369,a21412,0.0
4370,a21415,0.0
4371,a21416,0.0
4372,a21421,0.0
4373,a21425,0.0
4374,a21427,0.0
4375,a21434,1.0
4376,a21437,0.0
4377,a21438,0.0
4378,a21439,0.0
4379,a21440,0.0
4380,a21442,1.0
4381,a21448,0.0
4382,a21451,0.0
4383,a21452,0.0
4384,a21453,0.0
4385,a21472,0.0
4386,a21477,0.0
4387,a21480,0.0
4388,a21481,0.0
4389,a21487,0.0
4390,a21499,0.0
4391,a21509,0.0
4392,a21511,0.0
4393,a21523,0.0
4394,a21530,1.0
4395,a21531,0.0
4396,a21532,0.0
4397,a21535,0.0
4398,a21536,0.0
4399,a21537,0.0
4400,a21541,0.0
4401,a21543,0.0
4402,a21547,0.0
4403,a21557,0.0
4404,a21560,0.0
4405,a21562,0.0
4406,a21563,0.0
4407,a21571,0.0
4408,a21574,0.0
4409,a21575,0.0
4410,a21582,0.0
4411,a21584,0.0
4412,a21588,0.0
4413,a21592,0.0
4414,a21595,0.0
4415,a21600,0.0
4416,a21611,0.0
4417,a21614,1.0
4418,a21627,1.0
4419,a21631,0.0
4420,a21633,1.0
4421,a21637,0.0
4422,a21639,0.0
4423,a21640,0.0
4424,a21647,0.0
4425,a21648,0.0
4426,a21653,1.0
4427,a21680,0.0
4428,a21681,0.0
4429,a21683,0.0
4430,a21685,0.0
4431,a21686,0.0
4432,a21688,0.0
4433,a21695,0.0
4434,a21708,0.0
4435,a21714,0.0
4436,a21716,0.0
4437,a21717,0.0
4438,a21729,0.0
4439,a21732,1.0
4440,a21733,0.0
4441,a21734,0.0
4442,a21740,0.0
4443,a21746,0.0
4444,a21761,0.0
4445,a21764,0.0
4446,a21767,0.0
4447,a21786,0.0
4448,a21793,0.0
4449,a21804,0.0
4450,a21811,0.0
4451,a21814,0.0
4452,a21816,0.0
4453,a21818,0.0
4454,a21819,0.0
4455,a21820,0.0
4456,a21825,0.0
4457,a21832,0.0
4458,a21840,0.0
4459,a21851,0.0
4460,a21868,0.0
4461,a21869,0.0
4462,a21882,0.0
4463,a21884,0.0
4464,a21886,0.0
4465,a21891,0.0
4466,a21896,0.0
4467,a21897,1.0
4468,a21898,0.0
4469,a21899,0.0
4470,a21903,0.0
4471,a21909,1.0
4472,a21916,0.0
4473,a21928,0.0
4474,a21933,0.0
4475,a21939,0.0
4476,a21940,1.0
4477,a21948,0.0
4478,a21953,0.0
4479,a21955,0.0
4480,a21959,0.0
4481,a21961,0.0
4482,a21964,0.0
4483,a21970,1.0
4484,a21971,0.0
4485,a21974,0.0
4486,a21976,0.0
4487,a21986,0.0
4488,a21990,0.0
4489,a21996,0.0
4490,a21999,0.0
4491,a22005,0.0
4492,a22007,1.0
4493,a22008,1.0
4494,a22012,0.0
4495,a22016,0.0
4496,a22019,0.0
4497,a22020,0.0
4498,a22031,0.0
4499,a22034,0.0
4500,a22037,1.0
4501,a22046,0.0
4502,a22054,0.0
4503,a22060,0.0
4504,a22062,0.0
4505,a22066,1.0
4506,a22068,1.0
4507,a22076,0.0
4508,a22078,0.0
4509,a22087,0.0
4510,a22091,0.0
4511,a22093,0.0
4512,a22095,0.0
4513,a22123,0.0
4514,a22129,0.0
4515,a22136,0.0
4516,a22139,0.0
4517,a22143,0.0
4518,a22161,0.0
4519,a22164,0.0
4520,a22167,0.0
4521,a22168,0.0
4522,a22174,0.0
4523,a22176,0.0
4524,a22186,0.0
4525,a22187,0.0
4526,a22188,0.0
4527,a22192,1.0
4528,a22206,0.0
4529,a22210,0.0
4530,a22212,0.0
4531,a22216,0.0
4532,a22220,0.0
4533,a22223,0.0
4534,a22226,0.0
4535,a22229,0.0
4536,a22230,0.0
4537,a22232,0.0
4538,a22238,0.0
4539,a22261,0.0
4540,a22268,0.0
4541,a22271,0.0
4542,a22274,1.0
4543,a22277,0.0
4544,a22278,0.0
4545,a22280,0.0
4546,a22283,0.0
4547,a22285,0.0
4548,a22291,0.0
4549,a22294,0.0
4550,a22303,0.0
4551,a22309,0.0
4552,a22314,0.0
4553,a22323,0.0
4554,a22326,0.0
4555,a22330,0.0
4556,a22332,0.0
4557,a22350,0.0
4558,a22361,0.0
4559,a22370,0.0
4560,a22371,0.0
4561,a22373,0.0
4562,a22376,0.0
4563,a22378,0.0
4564,a22383,0.0
4565,a22393,0.0
4566,a22398,1.0
4567,a22408,0.0
4568,a22410,0.0
4569,a22425,0.0
4570,a22432,0.0
4571,a22437,0.0
4572,a22438,0.0
4573,a22440,0.0
4574,a22445,0.0
4575,a22461,0.0
4576,a22471,0.0
4577,a22472,0.0
4578,a22474,0.0
4579,a22476,0.0
4580,a22486,0.0
4581,a22487,0.0
4582,a22488,0.0
4583,a22497,1.0
4584,a22498,0.0
4585,a22499,0.0
4586,a22509,0.0
4587,a22514,0.0
4588,a22523,0.0
4589,a22531,0.0
4590,a22541,0.0
4591,a22545,0.0
4592,a22550,0.0
4593,a22560,0.0
4594,a22563,0.0
4595,a22566,0.0
4596,a22569,0.0
4597,a22575,0.0
4598,a22600,0.0
4599,a22601,0.0
4600,a22604,0.0
4601,a22623,0.0
4602,a22628,0.0
4603,a22630,0.0
4604,a22646,0.0
4605,a22654,0.0
4606,a22656,0.0
4607,a22665,0.0
4608,a22668,0.0
4609,a22671,0.0
4610,a22676,0.0
4611,a22678,0.0
4612,a22680,0.0
4613,a22681,0.0
4614,a22694,0.0
4615,a22695,0.0
4616,a22696,0.0
4617,a22700,0.0
4618,a22701,0.0
4619,a22710,0.0
4620,a22720,0.0
4621,a22722,0.0
4622,a22734,0.0
4623,a22744,0.0
4624,a22748,0.0
4625,a22756,0.0
4626,a22760,0.0
4627,a22766,0.0
4628,a22768,0.0
4629,a22771,0.0
4630,a22774,0.0
4631,a22776,0.0
4632,a22783,1.0
4633,a22784,0.0
4634,a22801,1.0
4635,a22802,0.0
4636,a22810,0.0
4637,a22821,0.0
4638,a22823,0.0
4639,a22828,0.0
4640,a22844,0.0
4641,a22858,0.0
4642,a22861,0.0
4643,a22864,0.0
4644,a22865,0.0
4645,a22866,0.0
4646,a22867,0.0
4647,a22871,0.0
4648,a22874,0.0
4649,a22879,0.0
4650,a22886,1.0
4651,a22888,0.0
4652,a22890,0.0
4653,a22893,0.0
4654,a22896,0.0
4655,a22897,0.0
4656,a22898,0.0
4657,a22903,0.0
4658,a22905,0.0
4659,a22914,0.0
4660,a22915,0.0
4661,a22917,0.0
4662,a22920,0.0
4663,a22935,0.0
4664,a22937,0.0
4665,a22938,0.0
4666,a22950,0.0
4667,a22952,0.0
4668,a22953,0.0
4669,a22955,0.0
4670,a22957,0.0
4671,a22960,0.0
4672,a22961,0.0
4673,a22965,0.0
4674,a22966,0.0
4675,a22970,0.0
4676,a22979,0.0
4677,a22985,0.0
4678,a22986,0.0
4679,a22990,0.0
4680,a22994,1.0
4681,a22995,0.0
4682,a23006,0.0
4683,a23008,0.0
4684,a23010,0.0
4685,a23026,0.0
4686,a23031,0.0
4687,a23036,0.0
4688,a23039,0.0
4689,a23046,0.0
4690,a23049,0.0
4691,a23058,0.0
4692,a23060,0.0
4693,a23074,1.0
4694,a23076,0.0
4695,a23083,0.0
4696,a23086,0.0
4697,a23089,0.0
4698,a23095,0.0
4699,a23099,0.0
4700,a23105,0.0
4701,a23106,0.0
4702,a23107,0.0
4703,a23109,0.0
4704,a23140,0.0
4705,a23141,0.0
4706,a23148,1.0
4707,a23149,0.0
4708,a23154,0.0
4709,a23161,0.0
4710,a23167,0.0
4711,a23171,0.0
4712,a23174,0.0
4713,a23176,0.0
4714,a23178,0.0
4715,a23179,0.0
4716,a23184,0.0
4717,a23185,0.0
4718,a23187,0.0
4719,a23190,0.0
4720,a23201,0.0
4721,a23202,0.0
4722,a23214,0.0
4723,a23231,0.0
4724,a23242,0.0
4725,a23243,0.0
4726,a23246,1.0
4727,a23248,0.0
4728,a23253,0.0
4729,a23266,0.0
4730,a23269,0.0
4731,a23273,0.0
4732,a23280,0.0
4733,a23289,0.0
4734,a23290,0.0
4735,a23295,0.0
4736,a23296,0.0
4737,a23312,0.0
4738,a23313,1.0
4739,a23318,0.0
4740,a23320,0.0
4741,a23321,0.0
4742,a23322,0.0
4743,a23325,0.0
4744,a23327,0.0
4745,a23330,0.0
4746,a23338,1.0
4747,a23340,0.0
4748,a23343,0.0
4749,a23346,0.0
4750,a23348,0.0
4751,a23353,1.0
4752,a23354,0.0
4753,a23359,0.0
4754,a23361,0.0
4755,a23363,0.0
4756,a23367,0.0
4757,a23368,0.0
4758,a23372,0.0
4759,a23374,0.0
4760,a23377,0.0
4761,a23385,0.0
4762,a23386,0.0
4763,a23387,0.0
4764,a23397,0.0
4765,a23406,0.0
4766,a23408,0.0
4767,a23410,0.0
4768,a23412,0.0
4769,a23415,0.0
4770,a23416,0.0
4771,a23418,0.0
4772,a23428,0.0
4773,a23433,0.0
4774,a23436,0.0
4775,a23438,0.0
4776,a23444,0.0
4777,a23445,1.0
4778,a23447,0.0
4779,a23452,0.0
4780,a23458,0.0
4781,a23461,0.0
4782,a23462,1.0
4783,a23468,0.0
4784,a23472,0.0
4785,a23481,0.0
4786,a23484,0.0
4787,a23488,1.0
4788,a23496,0.0
4789,a23497,0.0
4790,a23500,0.0
4791,a23504,0.0
4792,a23507,0.0
4793,a23509,0.0
4794,a23512,0.0
4795,a23518,0.0
4796,a23519,0.0
4797,a23521,0.0
4798,a23524,0.0
4799,a23525,0.0
4800,a23536,0.0
4801,a23538,0.0
4802,a23540,0.0
4803,a23552,0.0
4804,a23557,0.0
4805,a23563,0.0
4806,a23568,0.0
4807,a23570,0.0
4808,a23583,1.0
4809,a23592,0.0
4810,a23595,0.0
4811,a23596,0.0
4812,a23599,0.0
4813,a23609,0.0
4814,a23612,0.0
4815,a23613,0.0
4816,a23617,0.0
4817,a23619,0.0
4818,a23620,0.0
4819,a23625,0.0
4820,a23632,0.0
4821,a23639,0.0
4822,a23642,0.0
4823,a23643,0.0
4824,a23646,0.0
4825,a23659,0.0
4826,a23661,0.0
4827,a23663,0.0
4828,a23674,0.0
4829,a23676,0.0
4830,a23677,0.0
4831,a23678,0.0
4832,a23684,0.0
4833,a23687,0.0
4834,a23693,0.0
4835,a23696,0.0
4836,a23697,0.0
4837,a23705,0.0
4838,a23712,1.0
4839,a23714,0.0
4840,a23717,0.0
4841,a23727,0.0
4842,a23748,0.0
4843,a23754,0.0
4844,a23763,0.0
4845,a23764,0.0
4846,a23774,0.0
4847,a23776,0.0
4848,a23777,0.0
4849,a23782,0.0
4850,a23786,0.0
4851,a23804,0.0
4852,a23806,0.0
4853,a23809,0.0
4854,a23824,0.0
4855,a23830,0.0
4856,a23832,0.0
4857,a23833,0.0
4858,a23835,1.0
4859,a23838,0.0
4860,a23844,0.0
4861,a23846,0.0
4862,a23855,0.0
4863,a23858,0.0
4864,a23867,0.0
4865,a23871,0.0
4866,a23872,0.0
4867,a23880,0.0
4868,a23887,0.0
4869,a23891,0.0
4870,a23898,0.0
4871,a23913,0.0
4872,a23914,0.0
4873,a23919,0.0
4874,a23920,0.0
4875,a23924,0.0
4876,a23927,0.0
4877,a23930,0.0
4878,a23938,0.0
4879,a23942,0.0
4880,a23964,0.0
4881,a23969,1.0
4882,a23970,0.0
4883,a23977,0.0
4884,a23978,0.0
4885,a23996,0.0
4886,a23997,0.0
4887,a23998,0.0
4888,a24001,0.0
4889,a24003,0.0
4890,a24011,0.0
4891,a24012,0.0
4892,a24014,0.0
4893,a24019,0.0
4894,a24022,0.0
4895,a24025,0.0
4896,a24026,0.0
4897,a24031,0.0
4898,a24038,0.0
4899,a24043,0.0
4900,a24047,0.0
4901,a24048,0.0
4902,a24049,0.0
4903,a24055,0.0
4904,a24063,0.0
4905,a24066,0.0
4906,a24069,0.0
4907,a24073,0.0
4908,a24074,0.0
4909,a24075,0.0
4910,a24080,0.0
4911,a24083,0.0
4912,a24088,0.0
4913,a24094,0.0
4914,a24101,0.0
4915,a24102,0.0
4916,a24113,0.0
4917,a24114,0.0
4918,a24115,0.0
4919,a24122,0.0
4920,a24123,0.0
4921,a24133,0.0
4922,a24148,0.0
4923,a24150,0.0
4924,a24168,0.0
4925,a24171,0.0
4926,a24178,0.0
4927,a24180,0.0
4928,a24184,0.0
4929,a24191,1.0
4930,a24199,0.0
4931,a24230,1.0
4932,a24233,1.0
4933,a24235,1.0
4934,a24237,0.0
4935,a24248,0.0
4936,a24251,0.0
4937,a24261,0.0
4938,a24271,0.0
4939,a24273,0.0
4940,a24275,0.0
4941,a24277,0.0
4942,a24278,0.0
4943,a24280,0.0
4944,a24286,0.0
4945,a24287,0.0
4946,a24307,0.0
4947,a24309,0.0
4948,a24325,0.0
4949,a24326,0.0
4950,a24327,0.0
4951,a24328,0.0
4952,a24329,0.0
4953,a24333,0.0
4954,a24336,0.0
4955,a24360,0.0
4956,a24365,0.0
4957,a24371,0.0
4958,a24373,0.0
4959,a24377,0.0
4960,a24385,0.0
4961,a24389,0.0
4962,a24393,0.0
4963,a24401,1.0
4964,a24409,0.0
4965,a24410,0.0
4966,a24418,0.0
4967,a24426,1.0
4968,a24432,0.0
4969,a24436,0.0
4970,a24438,0.0
4971,a24445,0.0
4972,a24449,0.0
4973,a24470,0.0
4974,a24473,0.0
4975,a24480,0.0
4976,a24490,0.0
4977,a24493,1.0
4978,a24495,0.0
4979,a24500,0.0
4980,a24508,0.0
4981,a24523,0.0
4982,a24529,0.0
4983,a24533,0.0
4984,a24536,0.0
4985,a24544,0.0
4986,a24549,1.0
4987,a24550,0.0
4988,a24551,0.0
4989,a24557,0.0
4990,a24560,1.0
4991,a24563,0.0
4992,a24584,0.0
4993,a24588,0.0
4994,a24592,0.0
4995,a24593,0.0
4996,a24598,0.0
4997,a24601,0.0
4998,a24605,0.0
4999,a24608,0.0
5000,a24617,0.0
5001,a24618,0.0
5002,a24619,0.0
5003,a24621,0.0
5004,a24625,0.0
5005,a24628,1.0
5006,a24630,0.0
5007,a24637,0.0
5008,a24639,0.0
5009,a24641,0.0
5010,a24642,0.0
5011,a24644,0.0
5012,a24645,0.0
5013,a24657,0.0
5014,a24661,0.0
5015,a24673,0.0
5016,a24675,0.0
5017,a24695,0.0
5018,a24703,0.0
5019,a24706,0.0
5020,a24709,0.0
5021,a24710,0.0
5022,a24715,0.0
5023,a24718,0.0
5024,a24729,0.0
5025,a24740,0.0
5026,a24752,0.0
5027,a24762,0.0
5028,a24765,1.0
5029,a24772,0.0
5030,a24774,0.0
5031,a24778,0.0
5032,a24779,0.0
5033,a24782,0.0
5034,a24783,0.0
5035,a24793,0.0
5036,a24799,0.0
5037,a24806,1.0
5038,a24821,0.0
5039,a24827,0.0
5040,a24831,0.0
5041,a24843,0.0
5042,a24848,0.0
5043,a24849,0.0
5044,a24850,0.0
5045,a24852,0.0
5046,a24856,0.0
5047,a24866,0.0
5048,a24871,0.0
5049,a24872,0.0
5050,a24885,0.0
5051,a24891,0.0
5052,a24901,0.0
5053,a24903,0.0
5054,a24904,0.0
5055,a24914,0.0
5056,a24916,0.0
5057,a24919,0.0
5058,a24932,0.0
5059,a24935,0.0
5060,a24941,0.0
5061,a24942,1.0
5062,a24944,0.0
5063,a24949,0.0
5064,a24958,0.0
5065,a24962,0.0
5066,a24967,1.0
5067,a24968,1.0
5068,a24972,0.0
5069,a24993,0.0
5070,a25001,0.0
5071,a25003,0.0
5072,a25006,0.0
5073,a25007,0.0
5074,a25010,0.0
5075,a25011,0.0
5076,a25012,0.0
5077,a25015,0.0
5078,a25016,0.0
5079,a25020,0.0
5080,a25030,0.0
5081,a25036,0.0
5082,a25042,0.0
5083,a25048,0.0
5084,a25050,0.0
5085,a25054,0.0
5086,a25055,0.0
5087,a25056,0.0
5088,a25057,0.0
5089,a25069,0.0
5090,a25072,0.0
5091,a25074,0.0
5092,a25077,0.0
5093,a25083,0.0
5094,a25087,1.0
5095,a25091,0.0
5096,a25093,0.0
5097,a25094,0.0
5098,a25103,0.0
5099,a25110,0.0
5100,a25112,0.0
5101,a25116,0.0
5102,a25117,0.0
5103,a25129,1.0
5104,a25131,0.0
5105,a25137,0.0
5106,a25138,0.0
5107,a25139,0.0
5108,a25140,0.0
5109,a25144,1.0
5110,a25145,0.0
5111,a25150,0.0
5112,a25151,0.0
5113,a25157,0.0
5114,a25159,0.0
5115,a25168,0.0
5116,a25170,0.0
5117,a25174,0.0
5118,a25189,0.0
5119,a25190,0.0
5120,a25193,0.0
5121,a25199,0.0
5122,a25203,0.0
5123,a25208,0.0
5124,a25226,0.0
5125,a25228,0.0
5126,a25235,0.0
5127,a25239,0.0
5128,a25249,0.0
5129,a25257,0.0
5130,a25263,0.0
5131,a25265,0.0
5132,a25267,0.0
5133,a25273,0.0
5134,a25274,0.0
5135,a25277,1.0
5136,a25285,0.0
5137,a25287,0.0
5138,a25290,0.0
5139,a25291,0.0
5140,a25292,0.0
5141,a25298,0.0
5142,a25304,0.0
5143,a25308,0.0
5144,a25310,0.0
5145,a25314,0.0
5146,a25330,0.0
5147,a25337,0.0
5148,a25339,0.0
5149,a25341,0.0
5150,a25342,0.0
5151,a25354,0.0
5152,a25356,0.0
5153,a25359,0.0
5154,a25360,0.0
5155,a25363,0.0
5156,a25366,1.0
5157,a25373,0.0
5158,a25377,0.0
5159,a25384,0.0
5160,a25385,0.0
5161,a25394,0.0
5162,a25395,0.0
5163,a25404,0.0
5164,a25405,0.0
5165,a25407,0.0
5166,a25411,0.0
5167,a25416,0.0
5168,a25417,0.0
5169,a25425,0.0
5170,a25435,0.0
5171,a25439,0.0
5172,a25445,0.0
5173,a25447,0.0
5174,a25450,0.0
5175,a25467,0.0
5176,a25471,0.0
5177,a25476,0.0
5178,a25477,0.0
5179,a25488,0.0
5180,a25496,0.0
5181,a25502,0.0
5182,a25505,0.0
5183,a25507,0.0
5184,a25530,0.0
5185,a25534,0.0
5186,a25537,0.0
5187,a25539,0.0
5188,a25540,0.0
5189,a25546,0.0
5190,a25550,0.0
5191,a25566,0.0
5192,a25570,0.0
5193,a25571,0.0
5194,a25577,0.0
5195,a25580,0.0
5196,a25583,1.0
5197,a25584,0.0
5198,a25590,0.0
5199,a25595,0.0
5200,a25601,0.0
5201,a25603,0.0
5202,a25605,0.0
5203,a25606,0.0
5204,a25616,0.0
5205,a25624,0.0
5206,a25632,0.0
5207,a25635,0.0
5208,a25636,0.0
5209,a25641,0.0
5210,a25648,0.0
5211,a25661,0.0
5212,a25666,0.0
5213,a25674,0.0
5214,a25676,0.0
5215,a25679,1.0
5216,a25681,0.0
5217,a25686,0.0
5218,a25688,0.0
5219,a25689,0.0
5220,a25690,0.0
5221,a25695,0.0
5222,a25699,0.0
5223,a25715,0.0
5224,a25720,0.0
5225,a25723,0.0
5226,a25728,0.0
5227,a25730,0.0
5228,a25731,0.0
5229,a25746,0.0
5230,a25748,0.0
5231,a25750,0.0
5232,a25760,1.0
5233,a25766,0.0
5234,a25769,0.0
5235,a25773,0.0
5236,a25788,0.0
5237,a25793,0.0
5238,a25795,0.0
5239,a25797,0.0
5240,a25808,0.0
5241,a25814,0.0
5242,a25818,0.0
5243,a25819,0.0
5244,a25820,0.0
5245,a25821,0.0
5246,a25827,0.0
5247,a25829,0.0
5248,a25831,0.0
5249,a25832,0.0
5250,a25842,0.0
5251,a25843,0.0
5252,a25850,1.0
5253,a25851,0.0
5254,a25857,0.0
5255,a25864,0.0
5256,a25882,0.0
5257,a25884,0.0
5258,a25887,0.0
5259,a25891,0.0
5260,a25906,0.0
5261,a25907,0.0
5262,a25910,0.0
5263,a25911,0.0
5264,a25917,0.0
5265,a25918,0.0
5266,a25920,0.0
5267,a25928,0.0
5268,a25938,0.0
5269,a25939,0.0
5270,a25940,0.0
5271,a25942,0.0
5272,a25943,0.0
5273,a25947,0.0
5274,a25953,0.0
5275,a25959,0.0
5276,a25961,0.0
5277,a25973,0.0
5278,a25974,0.0
5279,a25975,0.0
5280,a25979,0.0
5281,a25981,0.0
5282,a25984,0.0
5283,a25999,1.0
5284,a26002,1.0
5285,a26004,0.0
5286,a26007,0.0
5287,a26008,0.0
5288,a26018,0.0
5289,a26027,0.0
5290,a26033,0.0
5291,a26041,0.0
5292,a26042,0.0
5293,a26048,0.0
5294,a26049,0.0
5295,a26053,0.0
5296,a26063,0.0
5297,a26065,0.0
5298,a26068,0.0
5299,a26077,0.0
5300,a26094,0.0
5301,a26098,0.0
5302,a26102,0.0
5303,a26104,0.0
5304,a26108,0.0
5305,a26116,0.0
5306,a26117,0.0
5307,a26118,0.0
5308,a26123,0.0
5309,a26127,0.0
5310,a26133,1.0
5311,a26134,0.0
5312,a26136,0.0
5313,a26141,0.0
5314,a26144,0.0
5315,a26147,0.0
5316,a26154,0.0
5317,a26158,0.0
5318,a26161,0.0
5319,a26162,0.0
5320,a26170,0.0
5321,a26175,0.0
5322,a26177,0.0
5323,a26178,0.0
5324,a26182,0.0
5325,a26183,0.0
5326,a26187,0.0
5327,a26196,0.0
5328,a26197,0.0
5329,a26198,0.0
5330,a26199,0.0
5331,a26214,0.0
5332,a26222,0.0
5333,a26226,0.0
5334,a26229,0.0
5335,a26240,0.0
5336,a26254,0.0
5337,a26258,0.0
5338,a26264,0.0
5339,a26265,0.0
5340,a26271,0.0
5341,a26273,0.0
5342,a26282,0.0
5343,a26287,0.0
5344,a26288,0.0
5345,a26290,0.0
5346,a26291,0.0
5347,a26303,0.0
5348,a26304,0.0
5349,a26307,0.0
5350,a26319,0.0
5351,a26324,0.0
5352,a26335,0.0
5353,a26360,0.0
5354,a26363,0.0
5355,a26370,0.0
5356,a26372,0.0
5357,a26373,1.0
5358,a26379,0.0
5359,a26387,0.0
5360,a26388,0.0
5361,a26391,0.0
5362,a26394,0.0
5363,a26395,1.0
5364,a26402,0.0
5365,a26407,0.0
5366,a26408,0.0
5367,a26418,0.0
5368,a26423,0.0
5369,a26431,0.0
5370,a26437,0.0
5371,a26441,0.0
5372,a26446,0.0
5373,a26448,0.0
5374,a26450,0.0
5375,a26452,0.0
5376,a26453,0.0
5377,a26458,0.0
5378,a26463,0.0
5379,a26473,0.0
5380,a26477,0.0
5381,a26478,0.0
5382,a26484,0.0
5383,a26492,0.0
5384,a26501,0.0
5385,a26504,1.0
5386,a26507,0.0
5387,a26514,1.0
5388,a26519,0.0
5389,a26538,0.0
5390,a26540,0.0
5391,a26541,0.0
5392,a26547,0.0
5393,a26554,0.0
5394,a26556,0.0
5395,a26562,0.0
5396,a26567,0.0
5397,a26570,0.0
5398,a26572,0.0
5399,a26573,0.0
5400,a26594,0.0
5401,a26596,0.0
5402,a26598,0.0
5403,a26606,0.0
5404,a26607,0.0
5405,a26608,0.0
5406,a26612,0.0
5407,a26617,0.0
5408,a26620,0.0
5409,a26640,1.0
5410,a26647,0.0
5411,a26656,0.0
5412,a26661,0.0
5413,a26676,0.0
5414,a26683,0.0
5415,a26684,0.0
5416,a26693,1.0
5417,a26696,0.0
5418,a26704,0.0
5419,a26705,0.0
5420,a26712,0.0
5421,a26714,0.0
5422,a26717,0.0
5423,a26719,0.0
5424,a26724,0.0
5425,a26727,0.0
5426,a26728,1.0
5427,a26734,1.0
5428,a26762,0.0
5429,a26765,1.0
5430,a26774,0.0
5431,a26776,0.0
5432,a26783,0.0
5433,a26792,0.0
5434,a26800,0.0
5435,a26802,0.0
5436,a26809,1.0
5437,a26816,0.0
5438,a26819,1.0
5439,a26823,0.0
5440,a26831,0.0
5441,a26833,0.0
5442,a26835,0.0
5443,a26836,0.0
5444,a26838,1.0
5445,a26840,0.0
5446,a26841,0.0
5447,a26857,0.0
5448,a26859,0.0
5449,a26868,0.0
5450,a26875,0.0
5451,a26876,0.0
5452,a26880,0.0
5453,a26893,0.0
5454,a26906,0.0
5455,a26921,0.0
5456,a26925,0.0
5457,a26929,0.0
5458,a26931,0.0
5459,a26932,0.0
5460,a26941,0.0
5461,a26946,1.0
5462,a26949,1.0
5463,a26955,0.0
5464,a26959,0.0
5465,a26961,0.0
5466,a26963,0.0
5467,a26970,0.0
5468,a26994,0.0
5469,a26995,0.0
5470,a26999,0.0
5471,a27003,0.0
5472,a27021,0.0
5473,a27027,0.0
5474,a27028,0.0
5475,a27036,0.0
5476,a27041,0.0
5477,a27043,0.0
5478,a27049,0.0
5479,a27053,0.0
5480,a27057,0.0
5481,a27062,0.0
5482,a27063,0.0
5483,a27066,0.0
5484,a27067,0.0
5485,a27070,0.0
5486,a27073,0.0
5487,a27075,0.0
5488,a27076,0.0
5489,a27077,0.0
5490,a27080,0.0
5491,a27092,0.0
5492,a27107,0.0
5493,a27109,0.0
5494,a27111,0.0
5495,a27117,0.0
5496,a27121,0.0
5497,a27123,0.0
5498,a27124,0.0
5499,a27130,0.0
5500,a27139,0.0
5501,a27141,0.0
5502,a27148,0.0
5503,a27153,0.0
5504,a27161,0.0
5505,a27165,0.0
5506,a27166,0.0
5507,a27170,0.0
5508,a27173,0.0
5509,a27180,0.0
5510,a27183,0.0
5511,a27186,0.0
5512,a27191,0.0
5513,a27195,0.0
5514,a27198,0.0
5515,a27204,0.0
5516,a27214,0.0
5517,a27222,0.0
5518,a27229,0.0
5519,a27230,0.0
5520,a27237,0.0
5521,a27255,0.0
5522,a27258,1.0
5523,a27265,0.0
5524,a27275,0.0
5525,a27283,0.0
5526,a27285,0.0
5527,a27288,0.0
5528,a27289,0.0
5529,a27290,0.0
5530,a27296,0.0
5531,a27306,1.0
5532,a27315,0.0
5533,a27320,0.0
5534,a27321,0.0
5535,a27324,0.0
5536,a27327,0.0
5537,a27332,0.0
5538,a27337,1.0
5539,a27347,0.0
5540,a27348,0.0
5541,a27356,0.0
5542,a27360,0.0
5543,a27369,0.0
5544,a27372,0.0
5545,a27382,0.0
5546,a27386,0.0
5547,a27389,0.0
5548,a27390,1.0
5549,a27393,0.0
5550,a27401,0.0
5551,a27407,0.0
5552,a27408,0.0
5553,a27416,0.0
5554,a27418,0.0
5555,a27427,0.0
5556,a27431,0.0
5557,a27434,1.0
5558,a27439,1.0
5559,a27450,0.0
5560,a27452,0.0
5561,a27453,0.0
5562,a27454,0.0
5563,a27480,0.0
5564,a27494,0.0
5565,a27499,0.0
5566,a27501,0.0
5567,a27503,0.0
5568,a27509,0.0
5569,a27510,0.0
5570,a27516,0.0
5571,a27523,0.0
5572,a27534,0.0
5573,a27537,0.0
5574,a27549,0.0
5575,a27555,0.0
5576,a27564,0.0
5577,a27566,0.0
5578,a27568,0.0
5579,a27573,0.0
5580,a27587,0.0
5581,a27596,0.0
5582,a27609,0.0
5583,a27610,0.0
5584,a27613,0.0
5585,a27616,0.0
5586,a27617,0.0
5587,a27630,0.0
5588,a27632,0.0
5589,a27635,0.0
5590,a27640,0.0
5591,a27643,0.0
5592,a27651,0.0
5593,a27654,0.0
5594,a27665,0.0
5595,a27693,0.0
5596,a27704,0.0
5597,a27709,0.0
5598,a27712,0.0
5599,a27714,0.0
5600,a27722,0.0
5601,a27727,0.0
5602,a27732,0.0
5603,a27740,0.0
5604,a27741,0.0
5605,a27743,0.0
5606,a27755,0.0
5607,a27758,0.0
5608,a27762,0.0
5609,a27763,0.0
5610,a27777,0.0
5611,a27778,0.0
5612,a27790,0.0
5613,a27793,0.0
5614,a27795,0.0
5615,a27797,0.0
5616,a27798,0.0
5617,a27815,0.0
5618,a27821,0.0
5619,a27830,0.0
5620,a27831,0.0
5621,a27838,0.0
5622,a27868,0.0
5623,a27878,0.0
5624,a27880,0.0
5625,a27883,0.0
5626,a27884,1.0
5627,a27885,0.0
5628,a27888,0.0
5629,a27890,0.0
5630,a27902,0.0
5631,a27905,1.0
5632,a27910,0.0
5633,a27918,0.0
5634,a27924,0.0
5635,a27932,0.0
5636,a27933,0.0
5637,a27936,0.0
5638,a27946,0.0
5639,a27960,0.0
5640,a27963,0.0
5641,a27969,0.0
5642,a27971,0.0
5643,a27975,0.0
5644,a27980,0.0
5645,a27982,0.0
5646,a27985,0.0
5647,a27990,0.0
5648,a27992,0.0
5649,a27998,0.0
5650,a28001,0.0
5651,a28004,0.0
5652,a28009,0.0
5653,a28012,0.0
5654,a28015,0.0
5655,a28017,0.0
5656,a28021,0.0
5657,a28022,0.0
5658,a28026,0.0
5659,a28045,0.0
5660,a28048,0.0
5661,a28049,0.0
5662,a28076,0.0
5663,a28084,0.0
5664,a28089,0.0
5665,a28091,0.0
5666,a28102,0.0
5667,a28105,0.0
5668,a28109,0.0
5669,a28127,0.0
5670,a28130,0.0
5671,a28138,0.0
5672,a28141,0.0
5673,a28148,0.0
5674,a28156,0.0
5675,a28163,1.0
5676,a28166,0.0
5677,a28170,0.0
5678,a28177,1.0
5679,a28192,1.0
5680,a28195,0.0
5681,a28197,0.0
5682,a28204,0.0
5683,a28210,0.0
5684,a28215,0.0
5685,a28226,0.0
5686,a28227,0.0
5687,a28233,0.0
5688,a28243,0.0
5689,a28263,0.0
5690,a28278,0.0
5691,a28279,0.0
5692,a28284,0.0
5693,a28286,0.0
5694,a28287,0.0
5695,a28291,0.0
5696,a28297,1.0
5697,a28303,0.0
5698,a28305,0.0
5699,a28310,0.0
5700,a28318,0.0
5701,a28324,1.0
5702,a28327,0.0
5703,a28343,1.0
5704,a28345,0.0
5705,a28346,0.0
5706,a28347,0.0
5707,a28359,0.0
5708,a28363,0.0
5709,a28365,0.0
5710,a28368,0.0
5711,a28380,0.0
5712,a28383,0.0
5713,a28395,0.0
5714,a28407,0.0
5715,a28414,1.0
5716,a28420,0.0
5717,a28434,0.0
5718,a28448,0.0
5719,a28455,1.0
5720,a28459,0.0
5721,a28473,0.0
5722,a28479,0.0
5723,a28480,0.0
5724,a28491,0.0
5725,a28512,0.0
5726,a28513,0.0
5727,a28517,0.0
5728,a28521,0.0
5729,a28523,0.0
5730,a28525,0.0
5731,a28530,0.0
5732,a28531,0.0
5733,a28532,0.0
5734,a28533,0.0
5735,a28538,0.0
5736,a28542,0.0
5737,a28550,0.0
5738,a28551,0.0
5739,a28565,0.0
5740,a28568,0.0
5741,a28577,0.0
5742,a28579,0.0
5743,a28584,0.0
5744,a28595,0.0
5745,a28596,0.0
5746,a28612,0.0
5747,a28617,1.0
5748,a28618,0.0
5749,a28620,0.0
5750,a28621,0.0
5751,a28622,0.0
5752,a28623,0.0
5753,a28625,1.0
5754,a28629,0.0
5755,a28633,0.0
5756,a28638,0.0
5757,a28642,0.0
5758,a28652,0.0
5759,a28653,0.0
5760,a28654,0.0
5761,a28656,0.0
5762,a28661,0.0
5763,a28664,0.0
5764,a28673,0.0
5765,a28693,0.0
5766,a28696,0.0
5767,a28710,0.0
5768,a28715,0.0
5769,a28719,0.0
5770,a28736,0.0
5771,a28743,0.0
5772,a28746,0.0
5773,a28750,0.0
5774,a28751,0.0
5775,a28756,0.0
5776,a28775,0.0
5777,a28777,1.0
5778,a28782,0.0
5779,a28786,0.0
5780,a28787,0.0
5781,a28793,0.0
5782,a28797,0.0
5783,a28798,0.0
5784,a28810,0.0
5785,a28812,0.0
5786,a28819,0.0
5787,a28820,0.0
5788,a28821,0.0
5789,a28838,0.0
5790,a28849,0.0
5791,a28857,0.0
5792,a28858,0.0
5793,a28866,0.0
5794,a28873,0.0
5795,a28879,0.0
5796,a28882,0.0
5797,a28886,0.0
5798,a28887,0.0
5799,a28889,0.0
5800,a28890,0.0
5801,a28894,0.0
5802,a28899,0.0
5803,a28901,0.0
5804,a28908,0.0
5805,a28912,0.0
5806,a28920,0.0
5807,a28921,0.0
5808,a28922,1.0
5809,a28931,0.0
5810,a28933,0.0
5811,a28954,0.0
5812,a28957,0.0
5813,a28961,1.0
5814,a28965,1.0
5815,a28973,0.0
5816,a28978,0.0
5817,a28984,0.0
5818,a28985,0.0
5819,a28990,1.0
5820,a28994,0.0
5821,a28997,0.0
5822,a29002,0.0
5823,a29005,0.0
5824,a29007,0.0
5825,a29012,0.0
5826,a29016,1.0
5827,a29022,0.0
5828,a29026,0.0
5829,a29030,1.0
5830,a29038,1.0
5831,a29046,0.0
5832,a29060,0.0
5833,a29066,0.0
5834,a29068,0.0
5835,a29087,0.0
5836,a29088,0.0
5837,a29090,0.0
5838,a29103,0.0
5839,a29106,0.0
5840,a29107,0.0
5841,a29108,1.0
5842,a29111,0.0
5843,a29116,1.0
5844,a29125,0.0
5845,a29132,0.0
5846,a29137,0.0
5847,a29138,0.0
5848,a29139,0.0
5849,a29140,0.0
5850,a29145,0.0
5851,a29146,1.0
5852,a29148,0.0
5853,a29150,0.0
5854,a29155,0.0
5855,a29156,0.0
5856,a29158,0.0
5857,a29159,0.0
5858,a29162,0.0
5859,a29166,0.0
5860,a29171,0.0
5861,a29197,0.0
5862,a29199,1.0
5863,a29203,0.0
5864,a29207,0.0
5865,a29214,0.0
5866,a29226,0.0
5867,a29227,0.0
5868,a29228,0.0
5869,a29243,0.0
5870,a29244,0.0
5871,a29257,0.0
5872,a29258,0.0
5873,a29261,0.0
5874,a29264,0.0
5875,a29266,0.0
5876,a29268,0.0
5877,a29271,0.0
5878,a29272,0.0
5879,a29286,0.0
5880,a29289,0.0
5881,a29292,0.0
5882,a29300,0.0
5883,a29306,0.0
5884,a29312,0.0
5885,a29316,0.0
5886,a29318,0.0
5887,a29327,0.0
5888,a29328,0.0
5889,a29336,0.0
5890,a29339,0.0
5891,a29344,0.0
5892,a29350,0.0
5893,a29360,0.0
5894,a29365,0.0
5895,a29369,0.0
5896,a29372,0.0
5897,a29373,0.0
5898,a29385,0.0
5899,a29390,0.0
5900,a29394,1.0
5901,a29410,0.0
5902,a29419,1.0
5903,a29421,0.0
5904,a29424,0.0
5905,a29427,0.0
5906,a29438,0.0
5907,a29451,0.0
5908,a29461,0.0
5909,a29463,0.0
5910,a29465,0.0
5911,a29470,0.0
5912,a29481,0.0
5913,a29487,0.0
5914,a29505,0.0
5915,a29507,0.0
5916,a29510,0.0
5917,a29512,0.0
5918,a29518,0.0
5919,a29527,0.0
5920,a29529,0.0
5921,a29530,0.0
5922,a29532,0.0
5923,a29538,0.0
5924,a29541,0.0
5925,a29546,0.0
5926,a29547,0.0
5927,a29549,0.0
5928,a29555,1.0
5929,a29559,0.0
5930,a29564,1.0
5931,a29569,0.0
5932,a29574,0.0
5933,a29575,0.0
5934,a29576,0.0
5935,a29577,0.0
5936,a29578,0.0
5937,a29597,1.0
5938,a29602,0.0
5939,a29611,0.0
5940,a29612,0.0
5941,a29614,1.0
5942,a29617,0.0
5943,a29635,0.0
5944,a29640,0.0
5945,a29641,0.0
5946,a29646,0.0
5947,a29647,0.0
5948,a29648,0.0
5949,a29649,0.0
5950,a29657,0.0
5951,a29669,0.0
5952,a29670,0.0
5953,a29673,0.0
5954,a29675,0.0
5955,a29680,0.0
5956,a29684,0.0
5957,a29694,0.0
5958,a29700,0.0
5959,a29711,1.0
5960,a29716,0.0
5961,a29720,0.0
5962,a29726,0.0
5963,a29730,0.0
5964,a29731,0.0
5965,a29739,0.0
5966,a29746,0.0
5967,a29758,0.0
5968,a29761,0.0
5969,a29767,0.0
5970,a29769,0.0
5971,a29776,0.0
5972,a29781,0.0
5973,a29784,0.0
5974,a29786,0.0
5975,a29787,0.0
5976,a29790,0.0
5977,a29793,0.0
5978,a29796,0.0
5979,a29797,1.0
5980,a29819,0.0
5981,a29831,0.0
5982,a29834,0.0
5983,a29840,0.0
5984,a29841,0.0
5985,a29847,0.0
5986,a29852,0.0
5987,a29855,0.0
5988,a29856,0.0
5989,a29861,0.0
5990,a29863,0.0
5991,a29870,0.0
5992,a29880,0.0
5993,a29885,0.0
5994,a29887,0.0
5995,a29892,0.0
5996,a29893,0.0
5997,a29898,1.0
5998,a29915,0.0
5999,a29927,0.0
6000,a29938,0.0
6001,a29942,0.0
6002,a29944,0.0
6003,a29950,0.0
6004,a29957,1.0
6005,a29962,0.0
6006,a29964,0.0
6007,a29967,0.0
6008,a29977,0.0
6009,a29979,0.0
6010,a29985,1.0
6011,a29986,0.0
6012,a29987,0.0
6013,a30002,0.0
6014,a30011,0.0
6015,a30016,0.0
6016,a30019,0.0
6017,a30024,0.0
6018,a30027,0.0
6019,a30029,0.0
6020,a30030,0.0
6021,a30032,0.0
6022,a30035,0.0
6023,a30037,0.0
6024,a30044,0.0
6025,a30049,0.0
6026,a30052,0.0
6027,a30058,0.0
6028,a30059,1.0
6029,a30060,0.0
6030,a30061,0.0
6031,a30063,0.0
6032,a30066,0.0
6033,a30069,0.0
6034,a30070,0.0
6035,a30074,0.0
6036,a30081,0.0
6037,a30083,0.0
6038,a30084,0.0
6039,a30091,0.0
6040,a30096,0.0
6041,a30099,0.0
6042,a30100,1.0
6043,a30115,0.0
6044,a30134,0.0
6045,a30137,0.0
6046,a30138,0.0
6047,a30139,0.0
6048,a30154,0.0
6049,a30175,0.0
6050,a30178,0.0
6051,a30182,1.0
6052,a30184,0.0
6053,a30189,0.0
6054,a30194,0.0
6055,a30197,0.0
6056,a30201,0.0
6057,a30205,0.0
6058,a30209,0.0
6059,a30212,0.0
6060,a30218,0.0
6061,a30225,0.0
6062,a30233,1.0
6063,a30237,0.0
6064,a30260,0.0
6065,a30269,0.0
6066,a30270,0.0
6067,a30274,1.0
6068,a30288,0.0
6069,a30294,0.0
6070,a30295,0.0
6071,a30296,0.0
6072,a30298,0.0
6073,a30314,0.0
6074,a30315,0.0
6075,a30326,0.0
6076,a30336,0.0
6077,a30338,0.0
6078,a30344,0.0
6079,a30349,0.0
6080,a30352,0.0
6081,a30355,0.0
6082,a30358,0.0
6083,a30363,0.0
6084,a30369,0.0
6085,a30376,0.0
6086,a30377,0.0
6087,a30389,0.0
6088,a30393,0.0
6089,a30406,0.0
6090,a30409,0.0
6091,a30411,0.0
6092,a30416,0.0
6093,a30420,0.0
6094,a30423,0.0
6095,a30428,1.0
6096,a30435,0.0
6097,a30436,0.0
6098,a30450,0.0
6099,a30454,0.0
6100,a30466,0.0
6101,a30473,0.0
6102,a30481,0.0
6103,a30482,0.0
6104,a30483,0.0
6105,a30485,0.0
6106,a30488,0.0
6107,a30499,1.0
6108,a30517,0.0
6109,a30518,0.0
6110,a30523,0.0
6111,a30532,0.0
6112,a30533,0.0
6113,a30534,0.0
6114,a30547,1.0
6115,a30549,0.0
6116,a30551,0.0
6117,a30555,0.0
6118,a30561,0.0
6119,a30563,0.0
6120,a30566,1.0
6121,a30569,0.0
6122,a30576,0.0
6123,a30579,0.0
6124,a30587,0.0
6125,a30589,0.0
6126,a30593,0.0
6127,a30597,0.0
6128,a30614,0.0
6129,a30621,0.0
6130,a30638,0.0
6131,a30641,0.0
6132,a30648,0.0
6133,a30649,0.0
6134,a30658,0.0
6135,a30661,0.0
6136,a30663,0.0
6137,a30680,0.0
6138,a30682,0.0
6139,a30684,0.0
6140,a30687,0.0
6141,a30697,1.0
6142,a30698,0.0
6143,a30705,0.0
6144,a30712,0.0
6145,a30715,0.0
6146,a30717,0.0
6147,a30719,0.0
6148,a30722,0.0
6149,a30730,0.0
6150,a30731,0.0
6151,a30740,0.0
6152,a30743,0.0
6153,a30744,0.0
6154,a30747,0.0
6155,a30763,0.0
6156,a30781,0.0
6157,a30785,1.0
6158,a30787,0.0
6159,a30803,0.0
6160,a30810,0.0
6161,a30813,0.0
6162,a30818,0.0
6163,a30825,1.0
6164,a30833,0.0
6165,a30837,0.0
6166,a30846,0.0
6167,a30850,0.0
6168,a30852,0.0
6169,a30857,0.0
6170,a30870,0.0
6171,a30877,0.0
6172,a30884,0.0
6173,a30888,1.0
6174,a30890,0.0
6175,a30895,0.0
6176,a30896,0.0
6177,a30897,0.0
6178,a30898,0.0
6179,a30909,0.0
6180,a30922,0.0
6181,a30923,0.0
6182,a30932,0.0
6183,a30933,0.0
6184,a30938,0.0
6185,a30941,0.0
6186,a30943,0.0
6187,a30945,1.0
6188,a30951,0.0
6189,a30955,0.0
6190,a30957,0.0
6191,a30960,0.0
6192,a30962,0.0
6193,a30963,0.0
6194,a30964,0.0
6195,a30965,1.0
6196,a30967,1.0
6197,a30970,0.0
6198,a30972,0.0
6199,a30986,0.0
6200,a30987,1.0
6201,a30990,0.0
6202,a31000,0.0
6203,a31006,0.0
6204,a31011,0.0
6205,a31029,0.0
6206,a31038,0.0
6207,a31040,0.0
6208,a31050,0.0
6209,a31056,0.0
6210,a31057,0.0
6211,a31063,0.0
6212,a31076,0.0
6213,a31084,0.0
6214,a31089,0.0
6215,a31095,0.0
6216,a31096,0.0
6217,a31110,1.0
6218,a31112,0.0
6219,a31114,0.0
6220,a31116,0.0
6221,a31121,0.0
6222,a31123,0.0
6223,a31126,0.0
6224,a31127,0.0
6225,a31130,0.0
6226,a31131,0.0
6227,a31135,0.0
6228,a31141,0.0
6229,a31155,0.0
6230,a31162,0.0
6231,a31165,1.0
6232,a31167,0.0
6233,a31168,0.0
6234,a31172,0.0
6235,a31179,0.0
6236,a31180,0.0
6237,a31183,0.0
6238,a31187,0.0
6239,a31191,0.0
6240,a31194,0.0
6241,a31205,0.0
6242,a31209,0.0
6243,a31218,0.0
6244,a31234,0.0
6245,a31238,0.0
6246,a31240,0.0
6247,a31241,0.0
6248,a31242,0.0
6249,a31243,0.0
6250,a31244,0.0
6251,a31247,0.0
6252,a31251,0.0
6253,a31252,0.0
6254,a31255,0.0
6255,a31257,0.0
6256,a31266,0.0
6257,a31269,0.0
6258,a31273,0.0
6259,a31274,0.0
6260,a31276,0.0
6261,a31284,0.0
6262,a31288,0.0
6263,a31289,0.0
6264,a31305,0.0
6265,a31308,0.0
6266,a31317,0.0
6267,a31320,0.0
6268,a31324,0.0
6269,a31331,0.0
6270,a31341,0.0
6271,a31346,0.0
6272,a31347,0.0
6273,a31354,0.0
6274,a31362,0.0
6275,a31365,0.0
6276,a31370,0.0
6277,a31374,0.0
6278,a31375,0.0
6279,a31378,0.0
6280,a31387,0.0
6281,a31393,0.0
6282,a31394,0.0
6283,a31408,0.0
6284,a31409,0.0
6285,a31412,0.0
6286,a31413,0.0
6287,a31423,0.0
6288,a31428,0.0
6289,a31434,0.0
6290,a31437,0.0
6291,a31445,0.0
6292,a31452,0.0
6293,a31454,0.0
6294,a31458,0.0
6295,a31469,0.0
6296,a31477,0.0
6297,a31478,0.0
6298,a31480,0.0
6299,a31493,0.0
